zh	en	ja	ko	cn	km	my	mn	ne	hi	th	vi	id	ms	tl	tr	uk	ru	pl	nl	de	es	fr	it	pt
%s 在步道口等你，天氣不錯喔	%s is waiting at the trailhead — nice weather today	%s が登山口で待ってるよ、いい天気だね	%s, 등산로 입구에서 기다리고 있어. 날씨 좋아	%s 在步道口等你，天气不错哦	%s កំពុងរង់ចាំនៅច្រកផ្លូវ អាកាសធាតុល្អណាស់	%s က လမ်းကြောင်းအစမှာ စောင့်နေတယ်၊ ရာသီဥတု ကောင်းတယ်	%s замын эхэнд хүлээж байна, цаг агаар сайхан	%s पदमार्गको मुखमा पर्खिरहेको छ, मौसम राम्रो छ	%s पगडंडी पर तुम्हारा इंतज़ार कर रहा है, मौसम अच्छा है	%s รออยู่ที่ปากทาง อากาศดีนะ	%s đang chờ bạn ở đầu đường mòn, trời đẹp lắm	%s menunggumu di gerbang jalur, cuacanya bagus	%s menunggu di pintu laluan, cuaca baik	Naghihintay si %s sa simula ng trail, maganda ang panahon	%s patika başında seni bekliyor, hava güzel	%s чекає на початку стежки, гарна погода	%s ждёт тебя у начала тропы, погода отличная	%s czeka na początku szlaku, ładna pogoda	%s wacht bij het begin van de route, mooi weer	%s wartet am Wanderweg – schönes Wetter heute	%s te espera al inicio del sendero, hace buen tiempo	%s t'attend au départ du sentier, il fait beau	%s ti aspetta all'inizio del sentiero, che bel tempo	%s está te esperando no início da trilha, o tempo está ótimo
{n} 天沒出門	{n} days without a hike	{n}日出かけていない	{n}일 동안 안 나감	{n} 天没出门	{n} ថ្ងៃមិនបានចេញ	{n} ရက် အပြင်မထွက်	{n} хоног гараагүй	{n} दिन बाहिर ननिस्किएको	{n} दिन से बाहर नहीं	{n} วันไม่ได้ออกไปไหน	{n} ngày chưa ra ngoài	{n} hari tidak keluar	{n} hari tidak keluar	{n} araw na hindi lumalabas	{n} gün dışarı çıkmadı	{n} днів без прогулянки	{n} дней без прогулки	{n} dni bez wyjścia	{n} dagen niet op pad	{n} Tage ohne Wanderung	{n} días sin salir	{n} jours sans sortie	{n} giorni senza uscire	{n} dias sem sair
{n} 項資料壞掉，已略過	{n} broken items were skipped	壊れたデータ {n} 件をスキップしました	손상된 항목 {n}개는 건너뛰었어요	{n} 项资料损坏，已略过	បានរំលងទិន្នន័យខូច {n}	ပျက်နေသော အချက်အလက် {n} ခုကို ကျော်လိုက်သည်	Эвдэрсэн {n} өгөгдлийг алгаслаа	{n} बिग्रिएको डाटा छोडियो	{n} खराब आइटम छोड़ दिए गए	ข้ามข้อมูลที่เสีย {n} รายการ	Đã bỏ qua {n} mục bị hỏng	{n} data rusak dilewati	{n} data rosak dilangkau	Nilaktawan ang {n} sirang data	{n} bozuk öğe atlandı	Пропущено пошкоджених записів: {n}	Пропущено повреждённых записей: {n}	Pominięto {n} uszkodzonych pozycji	{n} beschadigde items overgeslagen	{n} beschädigte Einträge übersprungen	Se omitieron {n} datos dañados	{n} éléments endommagés ignorés	{n} elementi danneggiati saltati	{n} itens danificados foram ignorados
一朵野花	Wildflower	野の花	들꽃 한 송이	一朵野花	ផ្កាព្រៃ	တောပန်း	Зэрлэг цэцэг	जंगली फूल	जंगली फूल	ดอกไม้ป่า	Bông hoa dại	Bunga liar	Bunga liar	Ligaw na bulaklak	Kır çiçeği	Польова квітка	Полевой цветок	Polny kwiat	Wilde bloem	Wildblume	Flor silvestre	Fleur sauvage	Fiore di campo	Flor silvestre
一頁一頁看這一年，每頁都能存成限動圖	Flip through your year page by page — save any page as a story image	1 ページずつ今年をふりかえり。どのページもストーリー用画像に保存できます	한 장씩 올해를 넘겨 보고, 어느 페이지든 스토리 이미지로 저장하세요	一页一页看这一年，每页都能存成限动图	មើលឆ្នាំរបស់អ្នកម្តងមួយទំព័រ — រក្សាទុកទំព័រណាមួយជារូប story	တစ်နှစ်တာကို စာမျက်နှာအလိုက် ကြည့်ပြီး မည်သည့်စာမျက်နှာကိုမဆို Story ပုံအဖြစ် သိမ်းနိုင်သည်	Жилээ хуудас хуудсаар нь харж, хуудас бүрийг сторийн зураг болгон хадгал	वर्षलाई पेज-पेज गरी हेर्नुहोस् — कुनै पनि पेज स्टोरी तस्बिर बनाएर सेभ गर्नुहोस्	अपना साल पेज-दर-पेज देखें — हर पेज को स्टोरी इमेज बनाकर सेव करें	ดูปีของคุณทีละหน้า บันทึกหน้าไหนก็ได้เป็นรูปสำหรับสตอรี่	Lật xem năm của bạn từng trang — trang nào cũng lưu được thành ảnh story	Lihat tahunmu halaman demi halaman — simpan tiap halaman jadi gambar story	Lihat tahun anda halaman demi halaman — simpan mana-mana halaman sebagai imej story	Tingnan ang taon mo pahina-pahina — i-save ang alinmang pahina bilang story image	Yılına sayfa sayfa bak — istediğin sayfayı hikâye görseli olarak kaydet	Гортайте рік сторінка за сторінкою — будь-яку можна зберегти для сторіс	Листайте год страница за страницей — любую можно сохранить картинкой для сторис	Przeglądaj swój rok strona po stronie — każdą zapiszesz jako obraz do relacji	Blader pagina voor pagina door je jaar — sla elke pagina op als story-afbeelding	Blättere durch dein Jahr – jede Seite lässt sich als Story-Bild speichern	Recorre tu año página a página: guarda cualquiera como imagen para historias	Parcours ton année page par page : chaque page s'enregistre en image story	Sfoglia il tuo anno pagina per pagina: ogni pagina si salva come immagine per le storie	Veja seu ano página por página — salve qualquer uma como imagem para stories
三項都完成就能領	Finish all three to claim	3つ全部達成で受け取れる	세 개 다 하면 받을 수 있어요	三项都完成就能领	បញ្ចប់ទាំងបី ដើម្បីទទួល	သုံးခုလုံးပြီးမှ ရယူနိုင်	Гурвыг дуусгаад ав	तीनै पूरा गरे पाइन्छ	तीनों पूरे करें, फिर लें	ทำครบสามข้อเพื่อรับ	Làm đủ ba việc để nhận	Selesaikan ketiganya untuk klaim	Siapkan ketiga-tiganya untuk tuntut	Tapusin ang tatlo para makuha	Üçünü bitir, al	Виконай усі три, щоб забрати	Выполни все три, чтобы забрать	Ukończ wszystkie trzy, by odebrać	Rond alle drie af om te claimen	Alle drei schaffen, dann abholen	Completa las tres para reclamar	Termine les trois pour récupérer	Completa tutte e tre per ritirare	Complete as três para resgatar
上一趟出門好早，空氣好好聞	We left so early last time — the air smelled great	前回はすごく早く出かけたね、空気がいい匂いだった	지난번엔 아주 일찍 나갔지, 공기가 참 좋았어	上一趟出门好早，空气好好闻	ដំណើរមុនចេញព្រឹកណាស់ ខ្យល់ក្រអូបណាស់	ပြီးခဲ့တုန်းက စောစောထွက်ခဲ့တာ၊ လေက မွှေးလိုက်တာ	Өмнөх удаа маш эрт гарсан, агаар нь сайхан үнэртэй байлаа	पछिल्लो पटक बिहानै निस्कियौं, हावा कति मीठो	पिछली बार बहुत सुबह निकले, हवा कितनी अच्छी थी	รอบที่แล้วออกเช้ามาก อากาศหอมจัง	Chuyến trước đi sớm ghê, không khí thơm quá	Terakhir kita berangkat pagi sekali, udaranya harum	Hari tu kita keluar awal, udara wangi sangat	Ang aga nating umalis noong huli, ang bango ng hangin	Geçen sefer çok erken çıktık, hava mis gibiydi	Минулого разу вийшли так рано — повітря так пахло	В прошлый раз вышли так рано — воздух так пах	Ostatnio wyszliśmy bardzo wcześnie, powietrze pachniało cudnie	Vorige keer vertrokken we zo vroeg, de lucht rook heerlijk	Letztes Mal waren wir so früh los – die Luft roch herrlich	La última vez salimos tempranito, el aire olía genial	La dernière fois on est partis tôt, l'air sentait si bon	L'ultima volta siamo partiti prestissimo, che bell'aria	Da última vez saímos cedinho, o ar estava cheiroso
上一趟回來天都快黑了，有你在就不怕	It was nearly dark when we got back — I wasn't scared with you	前回は帰りが暗くなりかけてたけど、一緒だから平気だった	지난번엔 돌아올 때 거의 어두웠지만, 네가 있어서 안 무서웠어	上一趟回来天都快黑了，有你在就不怕	ដំណើរមុនត្រឡប់មកជិតងងឹត មានអ្នកនៅជាមួយ មិនខ្លាចទេ	ပြန်လာတော့ မှောင်လုနီးပါ၊ မင်းရှိတော့ မကြောက်ဘူး	Өмнөх удаа харанхуй болох шахам буцсан ч чамтай байхад айгаагүй	फर्किंदा झन्डै अँध्यारो भयो, तिमी भएकाले डर लागेन	लौटते-लौटते अँधेरा हो गया, तुम साथ थे तो डर नहीं लगा	รอบที่แล้วกลับมาเกือบมืด มีเธออยู่ก็ไม่กลัว	Chuyến trước về tới nơi trời gần tối, có bạn nên không sợ	Kita pulang hampir gelap, ada kamu jadi tak takut	Hari tu balik hampir gelap, ada awak tak takut	Halos madilim na nang bumalik tayo, hindi ako natakot kasama ka	Döndüğümüzde hava kararmak üzereydi, seninle korkmadım	Повернулися майже затемна, з тобою не страшно	Вернулись почти в темноте, с тобой не страшно	Wróciliśmy prawie po zmroku, z tobą się nie bałem	Het was bijna donker toen we terugkwamen, met jou was ik niet bang	Letztes Mal war es fast dunkel – mit dir hatte ich keine Angst	Volvimos casi de noche, contigo no tuve miedo	On est rentrés presque à la nuit, avec toi je n'avais pas peur	Siamo tornati quasi al buio, con te non avevo paura	Voltamos quase de noite, com você não tive medo
上一趟爬了	Last trip we climbed	前回は	지난번엔	上一趟爬了	ដំណើរមុន យើងឡើង	ပြီးခဲ့တဲ့ခရီးမှာ တက်ခဲ့တာ	Өмнөх удаа бид авирсан нь	पछिल्लो पटक हामी चढ्यौं	पिछली बार हमने चढ़ाई की	รอบที่แล้วปีนไป	Chuyến trước mình leo	Perjalanan terakhir kita mendaki	Perjalanan lepas kita mendaki	Noong huli umakyat tayo ng	Son yürüyüşte tırmandık	Минулого разу ми піднялися на	В прошлый раз мы поднялись на	Ostatnio wspięliśmy się	Vorige tocht klommen we	Letzte Tour: aufgestiegen	En la última salida subimos	À la dernière sortie, on a grimpé	L'ultima volta siamo saliti di	Na última trilha subimos
上一趟走了	Last trip we walked	前回は	지난번엔	上一趟走了	ដំណើរមុន យើងដើរ	ပြီးခဲ့တဲ့ခရီးမှာ လျှောက်ခဲ့တာ	Өмнөх удаа бид алхсан нь	पछिल्लो पटक हामी हिँड्यौं	पिछली बार हम चले	รอบที่แล้วเดินไป	Chuyến trước mình đi	Perjalanan terakhir kita berjalan	Perjalanan lepas kita berjalan	Noong huli naglakad tayo ng	Son yürüyüşte yürüdük	Минулого разу ми пройшли	В прошлый раз мы прошли	Ostatnio przeszliśmy	Vorige tocht liepen we	Letzte Tour sind wir gelaufen	En la última salida caminamos	À la dernière sortie, on a marché	L'ultima volta abbiamo camminato	Na última trilha andamos
上一趟走得好舒服，下次再一起去	Last trip felt so good — let's go again	前回は気持ちよかったね、また一緒に行こう	지난번 너무 좋았어, 또 같이 가자	上一趟走得好舒服，下次再一起去	ដំណើរមុនស្រួលណាស់ ទៅម្ដងទៀតណា	ပြီးခဲ့တဲ့ခရီး သက်တောင့်သက်သာရှိတယ်၊ နောက်တစ်ခါ ထပ်သွားရအောင်	Өмнөх аялал их таатай байлаа, дахиад хамт явъя	पछिल्लो यात्रा कति आनन्द, फेरि सँगै जाऔं	पिछली सैर बहुत अच्छी थी, फिर चलें	รอบที่แล้วเดินสบายมาก ไว้ไปด้วยกันอีกนะ	Chuyến trước đi thích ghê, lần sau đi nữa nhé	Perjalanan terakhir nyaman sekali, ayo pergi lagi	Perjalanan lepas seronok, jom pergi lagi	Ang sarap ng huling lakad, tara ulit	Son yürüyüş çok güzeldi, yine gidelim	Минулий похід був чудовий, ходімо ще	Прошлый поход был чудесный, пойдём ещё	Ostatnia wycieczka była super, chodźmy znowu	De vorige tocht was heerlijk, laten we weer gaan	Die letzte Tour war so schön – lass uns wieder gehen	La última salida fue genial, vamos otra vez	La dernière sortie était si agréable, on y retourne ?	L'ultima uscita è stata bellissima, rifacciamola	A última trilha foi ótima, vamos de novo
上次	Last	最後	마지막	上次	ចុងក្រោយ	နောက်ဆုံး	Сүүлийн	अन्तिम	अंतिम	ล่าสุด	Cuối cùng	Terakhir	Terakhir	Huli	Son	Останній	Последний	Ostatni	Laatst	Zuletzt	Último	Dernier	Scorso	Durar
上次同步	Last synced	最終同期	마지막 동기화	上次同步	សមកាលកម្មចុងក្រោយ	နောက်ဆုံးချိန်ကိုက်	Сүүлд синк	पछिल्लो सिंक	अंतिम सिंक	ซิงค์ล่าสุด	Đồng bộ lần cuối	Terakhir disinkron	Segerak terakhir	Huling sync	Son eşitleme	Остання синхронізація	Синхронизировано	Ostatnia synchronizacja	Laatst gesynct	Zuletzt synchronisiert	Última sincronización	Dernière synchro	Ultima sincronizzazione	Última sincronização
上車了・不算	In a vehicle · not counted	乗車・カウント外	차량 이동 · 미포함	上车了・不算	ជិះយានយន្ត · មិនរាប់	ယာဉ်စီး · မရေတွက်	Машинд · тооцохгүй	सवारीमा · गनिँदैन	वाहन में · गिना नहीं	นั่งรถ · ไม่นับ	Đi xe · không tính	Naik kendaraan · tak dihitung	Naik kenderaan · tak dikira	Nakasakay · hindi bilang	Araçta · sayılmaz	У транспорті · не рахується	В транспорте · не считается	W pojeździe · nie liczy się	In voertuig · telt niet	Im Fahrzeug · zählt nicht	En vehículo · no cuenta	En véhicule · non compté	In veicolo · non conta	De veículo · não conta
下一步	Next	次へ	다음	下一步	បន្ទាប់	နောက်တစ်ခု	Дараа нь	अर्को	अगला	ต่อไป	Kế tiếp	Berikutnya	Seterusnya	Susunod	Sonraki	Далі	Следующий	Następny	Volgende	Weiter	Próximo	Suivant	Prossimo	Próximo
下個連續里程碑	Next streak milestone	次の連続記録	다음 연속 기록	下个连续里程碑	គោលដៅជាប់គ្នាបន្ទាប់	နောက်ဆက်တိုက်မှတ်တိုင်	Дараагийн дараалал	अर्को लगातार उपलब्धि	अगला स्ट्रीक मील का पत्थर	เป้าต่อเนื่องถัดไป	Mốc chuỗi tiếp theo	Tonggak beruntun berikutnya	Pencapaian berturut seterusnya	Susunod na milestone	Sonraki seri kilometre taşı	Наступна віха серії	Следующая веха серии	Następny kamień milowy serii	Volgende reeksmijlpaal	Nächster Serien-Meilenstein	Próximo hito de racha	Prochain palier de série	Prossimo traguardo serie	Próximo marco da sequência
不睡覺	Never sleeps	寝ない	안 자요	不睡觉	មិនដេក	မအိပ်ပါ	Унтахгүй	सुत्दैन	सोता नहीं	ไม่นอน	Không ngủ	Tidak tidur	Tidak tidur	Hindi natutulog	Uyumaz	Не спить	Не спит	Nie śpi	Slaapt niet	Schläft nie	No duerme	Ne dort pas	Non dorme	Não dorme
不要提醒	No reminders	通知しない	알림 안 함	不要提醒	កុំរំលឹក	သတိမပေးပါနှင့်	Сануулахгүй	रिमाइन्डर नचाहिने	रिमाइंडर नहीं	ไม่ต้องเตือน	Không nhắc	Tanpa pengingat	Tiada peringatan	Walang paalala	Hatırlatma yok	Без нагадувань	Без напоминаний	Bez przypomnień	Geen herinneringen	Keine Erinnerung	Sin recordatorios	Pas de rappel	Nessun promemoria	Sem lembretes
中部	Central	中部	중부	中部	ភាគកណ្តាល	အလယ်ပိုင်း	Төв	मध्य	मध्य	ภาคกลาง	Miền Trung	Tengah	Tengah	Gitna	Orta	Центр	Центр	Centrum	Midden	Mitte	Centro	Centre	Centro	Centro
主要來自你走的路，餵食和每日任務也會偷偷加一點。	comes mostly from the trails you walk — feeding and daily quests sneak in a little extra.	はほぼ歩いた道のりから。ごはんやデイリーミッションでも少しだけ増えます。	는 대부분 걸은 거리에서 쌓여요. 먹이 주기와 일일 퀘스트도 살짝 보태 줘요.	主要来自你走的路，喂食和每日任务也会偷偷加一点。	ភាគច្រើនមកពីផ្លូវដែលអ្នកដើរ ការចិញ្ចឹម និងភារកិច្ចប្រចាំថ្ងៃក៏បន្ថែមបន្តិចដែរ។	သည် သင်လျှောက်သည့်လမ်းမှ အဓိကရပြီး အစာကျွေးခြင်းနှင့် နေ့စဉ်တာဝန်များကလည်း နည်းနည်းထပ်ပေါင်းပေးသည်။	ихэвчлэн таны алхсан замаас ирнэ; хооллох, өдрийн даалгавар бас жаахан нэмнэ.	प्रायः तपाईंले हिँडेको बाटोबाट आउँछ; खुवाउने र दैनिक काममा पनि अलिकति थपिन्छ।	ज़्यादातर आपके चलने से आता है; खाना खिलाना और रोज़ के काम थोड़ा और जोड़ते हैं।	มาจากทางที่คุณเดินเป็นหลัก การให้อาหารและภารกิจรายวันก็ช่วยเพิ่มนิดหน่อย	chủ yếu đến từ quãng đường bạn đi; cho ăn và nhiệm vụ hằng ngày cũng cộng thêm chút ít.	sebagian besar dari jalan yang kamu tempuh; memberi makan dan misi harian ikut menambah sedikit.	kebanyakannya datang daripada jalan yang anda tempuh; memberi makan dan misi harian menambah sedikit.	ay galing karamihan sa nilalakad mo; nakakadagdag din nang kaunti ang pagpapakain at araw-araw na misyon.	çoğunlukla yürüdüğün yollardan gelir; beslemek ve günlük görevler de biraz ekler.	набирається здебільшого від пройденого шляху; годування й щоденні завдання трохи додають.	набирается в основном от пройденного пути; кормёжка и задания дня подкидывают немного.	bierze się głównie z przebytych tras; karmienie i zadania dnia dorzucają odrobinę.	komt vooral van de paden die je loopt; voeren en dagtaken doen er stiekem een beetje bij.	kommt vor allem von deinen Wegen – Füttern und Tagesaufgaben legen heimlich etwas drauf.	sale sobre todo de lo que caminas; alimentarlo y las misiones diarias suman un poquito.	vient surtout de tes marches ; nourrir et les quêtes du jour ajoutent un petit bonus.	arriva soprattutto dai sentieri che percorri; cibo e missioni giornaliere aggiungono un pizzico.	vem principalmente do que você caminha; alimentar e as missões diárias somam um pouquinho.
今天	Today	今日	오늘	今天	ថ្ងៃនេះ	ဒီနေ့	Өнөөдөр	आज	आज	วันนี้	Hôm nay	Hari ini	Hari ini	Ngayong araw	Bugün	Сьогодні	Сегодня	Dzisiaj	Vandaag	Heute	Hoy	Aujourd'hui	Oggi	Hoje
今天出門走走	Get out for a walk today	今日は外を歩こう	오늘 한 번 걸으러 나가기	今天出门走走	ថ្ងៃនេះចេញដើរលេង	ဒီနေ့ လမ်းလျှောက်ထွက်	Өнөөдөр гарч алх	आज बाहिर हिँड्नुहोस्	आज बाहर घूमें	วันนี้ออกไปเดินเล่น	Hôm nay ra ngoài đi bộ	Jalan-jalan hari ini	Keluar berjalan hari ini	Maglakad ngayong araw	Bugün yürüyüşe çık	Сьогодні вийди погуляти	Сегодня выйди погулять	Wyjdź dziś na spacer	Ga vandaag even wandelen	Heute mal raus	Sal a caminar hoy	Sors marcher aujourd'hui	Esci a camminare oggi	Saia para caminhar hoje
今天已經抱過囉	Already hugged today	今日はもうハグしたよ	오늘은 벌써 안아 줬어	今天已经抱过啰	ថ្ងៃនេះបានឱបរួចហើយ	ဒီနေ့ ဖက်ပြီးပြီ	Өнөөдөр аль хэдийн тэвэрсэн	आज त अँगालो हालिसक्यौं	आज पहले ही गले मिल चुके	วันนี้กอดไปแล้วนะ	Hôm nay đã ôm rồi nhé	Sudah dipeluk hari ini	Sudah dipeluk hari ini	Nayakap na ngayong araw	Bugün zaten sarıldık	Сьогодні вже обіймалися	Сегодня уже обнимались	Dziś już był przytulas	Vandaag al geknuffeld	Heute schon gekuschelt	Ya nos abrazamos hoy	Déjà un câlin aujourd'hui	Già abbracciato oggi	Já ganhou abraço hoje
今天抱過了	Hugged today	今日はハグ済み	오늘 안아줬어요	今天抱过了	ថ្ងៃនេះបានឱបហើយ	ဒီနေ့ ပွေ့ပြီးပြီ	Өнөөдөр тэвэрсэн	आज अँगालो हालियो	आज गले लगा लिया	วันนี้กอดแล้ว	Hôm nay đã ôm	Sudah dipeluk hari ini	Sudah dipeluk hari ini	Nayakap na ngayon	Bugün sarıldın	Сьогодні вже обіймали	Сегодня уже обнимали	Dziś przytulony	Vandaag geknuffeld	Heute umarmt	Ya abrazado hoy	Câlin fait aujourd'hui	Abbracciato oggi	Já abraçado hoje
今天的獎勵領過了	Today's reward claimed	今日の報酬は受け取り済み	오늘 보상 받음	今天的奖励领过了	បានទទួលរង្វាន់ថ្ងៃនេះ	ဒီနေ့ဆု ယူပြီး	Өнөөдрийн шагнал авсан	आजको इनाम लिइयो	आज का इनाम ले लिया	รับรางวัลวันนี้แล้ว	Đã nhận thưởng hôm nay	Hadiah hari ini sudah diambil	Ganjaran hari ini dituntut	Nakuha na ang gantimpala ngayon	Bugünün ödülü alındı	Нагороду за сьогодні отримано	Награда за сегодня получена	Nagroda na dziś odebrana	Beloning van vandaag geclaimd	Heutige Belohnung abgeholt	Recompensa de hoy reclamada	Récompense du jour récupérée	Premio di oggi ritirato	Recompensa de hoje resgatada
今天走	Walk	今日歩く	오늘 걷기	今天走	ថ្ងៃនេះដើរ	ဒီနေ့ လျှောက်	Өнөөдөр алх	आज हिँड्नुहोस्	आज चलें	วันนี้เดิน	Đi bộ	Jalan	Berjalan	Maglakad ng	Yürü	Пройди	Пройди	Przejdź	Loop	Heute gehen	Camina	Marche	Cammina	Caminhe
今天走這條？	Walk one of these today?	今日はこの道？	오늘은 이 길로?	今天走这条？	ថ្ងៃនេះដើរផ្លូវនេះ?	ဒီနေ့ ဒီလမ်းလား?	Өнөөдөр аль нь?	आज यो बाटो?	आज इनमें से कोई?	วันนี้เดินเส้นนี้ไหม?	Hôm nay đi đường này?	Hari ini yang mana?	Hari ini yang ini?	Ito ba ngayon?	Bugün bunlardan biri?	Сьогодні одну з цих?	Сегодня одну из этих?	Dziś któryś z tych?	Vandaag een van deze?	Heute eine davon?	¿Hoy una de estas?	Une de celles-ci aujourd'hui ?	Oggi una di queste?	Hoje uma destas?
今天還沒抱	Not hugged yet	まだハグしていない	아직 안 안아줬어요	今天还没抱	មិនទាន់ឱប	မပွေ့ရသေး	Хараахан тэвэрээгүй	अझै अँगालो हालिएको छैन	अभी गले नहीं लगाया	ยังไม่ได้กอด	Chưa ôm	Belum dipeluk	Belum dipeluk	Hindi pa nayayakap	Henüz sarılmadın	Ще не обіймали	Ещё не обнимали	Jeszcze nie przytulony	Nog niet geknuffeld	Noch nicht umarmt	Aún sin abrazo	Pas encore de câlin	Non ancora abbracciato	Ainda sem abraço
今天還沒走	Not yet today	今日はまだ	오늘은 아직	今天还没走	ថ្ងៃនេះមិនទាន់	ဒီနေ့ မလျှောက်ရသေး	Өнөөдөр хараахан үгүй	आज अझै छैन	आज अभी नहीं	วันนี้ยังไม่ได้เดิน	Hôm nay chưa đi	Hari ini belum	Hari ini belum	Wala pa ngayong araw	Bugün henüz yok	Сьогодні ще ні	Сегодня ещё нет	Dziś jeszcze nie	Vandaag nog niet	Heute noch nicht	Hoy todavía no	Pas encore aujourd'hui	Oggi non ancora	Hoje ainda não
今天還沒領	Not claimed yet	まだ受け取っていない	아직 안 받았어요	今天还没领	មិនទាន់ទទួល	မယူရသေး	Хараахан аваагүй	अझै लिइएको छैन	अभी नहीं लिया	ยังไม่ได้รับ	Chưa nhận	Belum diklaim	Belum dituntut	Hindi pa na-claim	Henüz alınmadı	Ще не отримано	Ещё не получено	Jeszcze nie odebrano	Nog niet opgehaald	Noch nicht abgeholt	Aún sin reclamar	Pas encore réclamé	Non ancora riscattato	Ainda não resgatado
今天領過了	Claimed today	今日は受け取り済み	오늘 받았어요	今天领过了	ថ្ងៃនេះបានទទួលហើយ	ဒီနေ့ ယူပြီးပြီ	Өнөөдөр авсан	आज लिइसकियो	आज ले लिया	วันนี้รับแล้ว	Hôm nay đã nhận	Sudah diklaim hari ini	Sudah dituntut hari ini	Na-claim na ngayon	Bugün alındı	Сьогодні отримано	Сегодня получено	Odebrano dziś	Vandaag opgehaald	Heute abgeholt	Reclamado hoy	Réclamé aujourd'hui	Riscattato oggi	Resgatado hoje
你有	You have	所持	보유	你有	អ្នកមាន	သင့်မှာ	Танд	तपाईंसँग	आपके पास	คุณมี	Bạn có	Kamu punya	Anda ada	Mayroon ka	Sende	У тебе	У тебя	Masz	Je hebt	Du hast	Tienes	Tu as	Hai	Você tem
你的 %d 山行故事出爐了	Your %d trail story is here	%d 年の山行ストーリーができました	%d년 산행 이야기가 나왔어요	你的 %d 山行故事出炉了	រឿងឡើងភ្នំ %d របស់អ្នករួចរាល់ហើយ	သင်၏ %d တောင်တက်ဇာတ်လမ်း ထွက်ပြီ	Таны %d оны аяллын түүх бэлэн	तपाईंको %d को हाइकिङ कथा तयार छ	आपकी %d हाइकिंग कहानी तैयार है	เรื่องราวการเดินเขาปี %d ของคุณมาแล้ว	Câu chuyện leo núi năm %d của bạn đã có	Kisah pendakian %d-mu sudah siap	Kisah pendakian %d anda sudah siap	Narito na ang kuwento ng iyong mga lakad sa %d	%d yürüyüş hikâyen hazır	Ваша історія походів %d готова	Ваша история походов %d готова	Twoja górska historia %d jest gotowa	Je wandelverhaal van %d is klaar	Deine Wandergeschichte %d ist da	Ya está tu historia del sendero %d	Ton histoire de randonnée %d est prête	La tua storia di cammino %d è pronta	Sua história nas trilhas de %d chegou
備份到雲端中…	Backing up…	バックアップ中…	백업 중…	备份到云端中…	កំពុងបម្រុងទុក...	အရန်သိမ်းနေသည်...	Нөөцлөж байна...	ब्याकअप गर्दै...	समर्थन करना…	กำลังสำรองข้อมูล...	Đang sao lưu…	Mencadangkan…	Membuat sandaran…	Bina-back up…	Yedekleniyor…	Резервне копіювання…	Резервное копирование…	Tworzenie kopii zapasowej…	Een back-up maken…	Sichern…	Copia de seguridad…	Sauvegarde…	Backup…	Fazendo backup…
備份失敗	Backup failed	バックアップに失敗しました	백업 실패	备份失败	ការបម្រុងទុកបានបរាជ័យ	အရန်သိမ်းခြင်း မအောင်မြင်ပါ။	Нөөцлөлт амжилтгүй боллоо	ब्याकअप असफल भयो	बैकअप विफल रहा	การสำรองข้อมูลล้มเหลว	Sao lưu không thành công	Pencadangan gagal	Sandaran gagal	Nabigo ang backup	Yedekleme başarısız oldu	Помилка резервного копіювання	Резервное копирование не выполнено	Tworzenie kopii zapasowej nie powiodło się	Back-up mislukt	Die Sicherung ist fehlgeschlagen	Error en la copia de seguridad	La sauvegarde a échoué	Backup non riuscito	Falha no backup
備份檔還原好了	Backup file restored	バックアップから復元しました	백업 파일을 복원했어요	备份文件还原好了	បានស្ដារឯកសារបម្រុងទុក	အရန်ဖိုင်ကို ပြန်ယူပြီးပါပြီ	Нөөц файлаас сэргээлээ	ब्याकअप फाइल पुनर्स्थापित भयो	बैकअप फ़ाइल बहाल हो गई	กู้คืนไฟล์สำรองแล้ว	Đã khôi phục tệp sao lưu	File cadangan dipulihkan	Fail sandaran dipulihkan	Na-restore na ang backup file	Yedek dosyası geri yüklendi	Резервну копію відновлено	Резервная копия восстановлена	Przywrócono kopię z pliku	Back-upbestand hersteld	Sicherungsdatei wiederhergestellt	Copia restaurada	Sauvegarde restaurée	Backup ripristinato	Backup restaurado
儲存	Save	保存	저장	储存	រក្សាទុក	သိမ်းဆည်းပါ။	Хадгалах	बचत गर्नुहोस्	सहेजें	บันทึก	Lưu	Menyimpan	Simpan	I-save	Kaydet	зберегти	Сохранить	Zapisz	Opslaan	Speichern	Guardar	Enregistrer	Salva	Salvar
先登入，才能備份到雲端	Sign in first to back up to the cloud	クラウドに保存するにはログインしてね	클라우드에 백업하려면 먼저 로그인하세요	先登录，才能备份到云端	ចូលគណនីសិន ដើម្បីបម្រុងទុកលើពពក	Cloud သို့ အရန်သိမ်းရန် အရင်ဝင်ပါ	Үүлэнд хадгалахын тулд эхлээд нэвтэрнэ үү	क्लाउडमा ब्याकअपका लागि पहिले साइन इन गर्नुहोस्	क्लाउड बैकअप के लिए पहले साइन इन करें	ล็อกอินก่อนถึงจะสำรองขึ้นคลาวด์ได้	Đăng nhập trước để sao lưu lên đám mây	Masuk dulu untuk mencadangkan ke cloud	Log masuk dahulu untuk sandaran awan	Mag-sign in muna para makapag-backup sa cloud	Buluta yedeklemek için önce giriş yap	Спершу увійдіть, щоб зберегти в хмару	Сначала войдите, чтобы сохранить в облако	Zaloguj się, aby zapisać w chmurze	Log eerst in om naar de cloud te back-uppen	Erst anmelden, dann in die Cloud sichern	Inicia sesión para guardar en la nube	Connecte-toi d'abord pour sauvegarder dans le cloud	Accedi prima per salvare nel cloud	Entre primeiro para salvar na nuvem
免費額度	Free quota	無料枠	무료 한도	免费额度	កូតាឥតគិតថ្លៃ	အခမဲ့ ပမာဏ	Үнэгүй хэмжээ	नि:शुल्क कोटा	मुफ़्त सीमा	โควตาฟรี	Hạn mức miễn phí	Kuota gratis	Kuota percuma	Libreng quota	Ücretsiz kota	Безкоштовний ліміт	Бесплатный лимит	Darmowy limit	Gratis tegoed	Gratis-Kontingent	Cuota gratis	Quota gratuit	Quota gratuita	Cota grátis
全台概覽	All-Taiwan overview	台湾全体（広域）	대만 전체(개요)	全台概览	តៃវ៉ាន់ទាំងមូល	ထိုင်ဝမ်တစ်ခွင်	Бүх Тайвань (тойм)	सम्पूर्ण ताइवान	पूरा ताइवान (अवलोकन)	ทั้งไต้หวัน (ภาพรวม)	Toàn Đài Loan (tổng quan)	Seluruh Taiwan (ringkas)	Seluruh Taiwan (ringkas)	Buong Taiwan (overview)	Tüm Tayvan (genel)	Увесь Тайвань (огляд)	Весь Тайвань (обзор)	Cały Tajwan (przegląd)	Heel Taiwan (overzicht)	Ganz Taiwan (Übersicht)	Todo Taiwán (vista general)	Tout Taïwan (vue d'ensemble)	Tutta Taiwan (panoramica)	Taiwan inteiro (visão geral)
全部	All	すべて	전체	全部	ទាំងអស់។	အားလုံး	Бүгд	सबै	सभी	ทั้งหมด	Tất cả	Semua	Semua	Lahat	Tüm	все	Все	Wszystko	Alle	Alle	Todo	Tout	Tutto	Todos
全部清掉	Clear everything	全部消す	전부 지우기	全部清掉	លុបទាំងអស់	အားလုံးဖျက်	Бүгдийг арилгах	सबै मेटाउनुहोस्	सब मिटाएँ	ล้างทั้งหมด	Xóa hết	Hapus semua	Padam semua	Burahin lahat	Hepsini sil	Стерти все	Стереть всё	Wyczyść wszystko	Alles wissen	Alles löschen	Borrar todo	Tout effacer	Cancella tutto	Apagar tudo
兩個都不會讓夥伴退化，放心。	Neither one ever makes your buddy regress — don't worry.	どちらも相棒が退化することはないから安心してね。	둘 다 친구가 퇴화하게 하지 않으니 걱정 마세요.	两个都不会让伙伴退化，放心。	ទាំងពីរនឹងមិនធ្វើឱ្យដៃគូថយក្រោយទេ កុំបារម្ភ។	နှစ်ခုစလုံးက အဖော်ကို နောက်ပြန်မဆုတ်စေဘူး၊ စိတ်ချပါ။	Аль аль нь нөхрийг чинь ухраахгүй, санаа зоволтгүй.	दुवैले साथीलाई पछाडि फर्काउँदैन, ढुक्क हुनुहोस्।	दोनों में से कोई भी साथी को पीछे नहीं ले जाता, निश्चिंत रहें।	ทั้งสองอย่างไม่ทำให้เพื่อนถอยหลัง วางใจได้	Cả hai đều không làm bạn đồng hành thoái hóa, yên tâm nhé.	Keduanya tidak akan membuat temanmu mundur, tenang saja.	Kedua-duanya tak akan buat rakan anda mundur, jangan risau.	Hindi kailanman paaatrasin ng alinman ang iyong kasama, huwag mag-alala.	İkisi de arkadaşını geriletmez, merak etme.	Жодне з них не відкотить розвиток друга — не хвилюйся.	Ни то ни другое не откатит развитие спутника — не волнуйся.	Żadne z nich nie cofnie rozwoju towarzysza, spokojnie.	Geen van beide laat je maatje achteruitgaan, geen zorgen.	Keins von beiden lässt deinen Begleiter zurückfallen – keine Sorge.	Ninguno hace que tu compañero retroceda, tranquilo.	Aucun des deux ne fait régresser ton compagnon, pas d'inquiétude.	Nessuno dei due fa regredire il tuo compagno, tranquillo.	Nenhum dos dois faz seu companheiro regredir, fique tranquilo.
再走	Walk	あと	걷다	再走	ដើរ	လမ်းလျှောက်	Алхах	हिँड्नुहोस्	टहलना	เดิน	Đi bộ	Berjalan	berjalan	Maglakad	Yürümek	Прогулянка	Ходить	Chodzić	Wandeling	Gehen	Caminar	Marcher	Camminare	Andar
分鐘後可餵	min to feed	分後に餌	분 후 먹이	分钟后可喂	នាទីទៀតចម្អិន	မိနစ်အကြာမှ	мин дараа	मिनेट पछि	मिनट बाद खिलाएं	นาทีก่อนให้อาหาร	phút để cho ăn	menit beri makan	min untuk beri makan	min bago pakainin	dk sonra besle	хв до годівлі	мин до кормёжки	min do karmienia	min tot voeren	Min bis Futter	min para dar	min avant repas	min al pasto	min p/ alimentar
刪掉了	Deleted	消しました	삭제했어요	删掉了	បានលុប	ဖျက်ပြီး	Устгалаа	मेटाइयो	हटा दिया	ลบแล้ว	Đã xóa	Dihapus	Dipadam	Nabura na	Silindi	Видалено	Удалено	Usunięto	Verwijderd	Gelöscht	Eliminada	Supprimée	Eliminata	Apagada
刪掉這份離線地圖？	Delete this offline map?	このオフライン地図を消しますか？	이 오프라인 지도를 지울까요?	删掉这份离线地图？	លុបផែនទីក្រៅបណ្តាញនេះ?	ဒီအော့ဖ်လိုင်းမြေပုံ ဖျက်မလား?	Энэ офлайн газрын зургийг устгах уу?	यो अफलाइन नक्सा मेटाउने?	यह ऑफ़लाइन मैप हटाएँ?	ลบแผนที่ออฟไลน์นี้ไหม?	Xóa bản đồ ngoại tuyến này?	Hapus peta offline ini?	Padam peta luar talian ini?	Burahin ang offline map na ito?	Bu çevrimdışı harita silinsin mi?	Видалити цю офлайн-карту?	Удалить эту офлайн-карту?	Usunąć tę mapę offline?	Deze offline kaart verwijderen?	Diese Offline-Karte löschen?	¿Borrar este mapa sin conexión?	Supprimer cette carte hors ligne ?	Eliminare questa mappa offline?	Apagar este mapa offline?
刪除	Delete	削除	삭제	删除	លុប	ဖျက်ပါ။	Устгах	मेट्नुहोस्	मिटाना	ลบ	Xóa bỏ	Menghapus	Padam	Tanggalin	Silmek	Видалити	Удалить	Usuwać	Verwijderen	Löschen	Borrar	Supprimer	Eliminare	Excluir
剛剛好像在裡面翻了個身	I think I rolled over in here just now	さっき中で寝返りをうったみたい	방금 안에서 뒤척인 것 같아	刚刚好像在里面翻了个身	ហាក់ដូចជាខ្ញុំបានបង្វិលខ្លួនក្នុងនេះ	အထဲမှာ လှည့်လိုက်သလိုပဲ	Саяхан дотроо эргэлдсэн бололтой	भित्र कोल्टो फेरें जस्तो छ	लगता है मैंने अंदर करवट बदली	เมื่อกี้เหมือนพลิกตัวอยู่ข้างใน	Hình như mình vừa trở mình bên trong	Sepertinya tadi aku berguling di dalam	Rasanya tadi saya berpusing di dalam	Parang gumulong ako sa loob kanina	Az önce içeride döndüm galiba	Здається, я перевернувся всередині	Кажется, я перевернулся внутри	Chyba przewróciłem się w środku	Ik draaide me net om hierbinnen	Ich glaube, ich hab mich gerade drinnen umgedreht	Creo que me di la vuelta aquí dentro	Je crois que je me suis retourné là-dedans	Credo di essermi girato qui dentro	Acho que me virei aqui dentro
剛剛爬到葉子背面躲太陽	I crawled under a leaf to hide from the sun	葉っぱの裏に隠れて日よけしてた	햇볕 피해서 잎 뒤로 기어갔어	刚刚爬到叶子背面躲太阳	ខ្ញុំវារទៅក្រោមស្លឹកឈើដើម្បីគេចពីថ្ងៃ	နေရှောင်ဖို့ အရွက်နောက်ကို တွားသွားတယ်	Нарнаас нуугдаж навчны ард мөлхөлөө	घामबाट लुक्न पातमुनि घस्रें	धूप से बचने के लिए पत्ते के नीचे रेंग गया	เพิ่งคลานไปหลบแดดใต้ใบไม้	Mình vừa bò ra sau lá trốn nắng	Aku merayap ke balik daun menghindari matahari	Saya merangkak ke bawah daun elak matahari	Gumapang ako sa ilalim ng dahon para umiwas sa araw	Güneşten kaçıp yaprağın altına süründüm	Заповз під листок, сховався від сонця	Заполз под листок, спрятался от солнца	Schowałem się pod liść przed słońcem	Ik kroop onder een blad, weg van de zon	Ich bin unter ein Blatt gekrochen, weg von der Sonne	Me metí bajo una hoja para esconderme del sol	Je me suis caché sous une feuille, loin du soleil	Mi sono rifugiato sotto una foglia dal sole	Rastejei para baixo de uma folha fugindo do sol
剛剛那趟好過癮！	That last hike was awesome!	さっきの山歩き最高だった！	방금 산행 정말 좋았어요!	刚刚那趟好过瘾！	ការដើរមុននេះសប្បាយណាស់!	ခုနက ခရီးက ပျော်စရာပဲ!	Сая явсан аялал гоё байлаа!	भर्खरको हाइक गजब थियो!	पिछली हाइक मज़ेदार थी!	ทริปเมื่อกี้สนุกมาก!	Chuyến vừa rồi đã quá!	Pendakian tadi seru banget!	Pendakian tadi seronok!	Ang saya ng huling hike!	Son yürüyüş harikaydı!	Останній похід був класним!	Последний поход был классным!	Ostatnia wycieczka była super!	Die laatste tocht was top!	Die letzte Tour war super!	¡La última ruta fue genial!	La dernière sortie était géniale !	L'ultima escursione è stata fantastica!	A última trilha foi demais!
剩	left	残り	남음	剩	នៅសល់	ကျန်	үлдсэн	बाँकी	बाकी	เหลือ	còn	sisa	baki	natitira	kalan	залишилось	осталось	zostało	over	übrig	quedan	reste	rimasti	restam
加上最近走的步道	Add your latest trail	最近歩いた道を入れる	최근 걸은 길 넣기	加上最近走的步道	បន្ថែមផ្លូវដែលដើរចុងក្រោយ	နောက်ဆုံးလျှောက်ခဲ့သောလမ်းထည့်ပါ	Сүүлд явсан замаа нэмэх	पछिल्लो पदमार्ग थप्नुहोस्	अपना हाल का ट्रेल जोड़ें	ใส่เส้นทางล่าสุด	Thêm cung đường gần nhất	Tambahkan jalur terakhir	Tambah denai terkini	Idagdag ang huling trail	Son parkuru ekle	Додати останній маршрут	Добавить последний маршрут	Dodaj ostatni szlak	Voeg je laatste pad toe	Neuesten Weg hinzufügen	Añadir tu último sendero	Ajouter ton dernier sentier	Aggiungi l'ultimo sentiero	Adicionar sua última trilha
北部	North	北部	북부	北部	ភាគខាងជើង	မြောက်ပိုင်း	Хойд	उत्तर	उत्तर	ภาคเหนือ	Miền Bắc	Utara	Utara	Hilaga	Kuzey	Північ	Север	Północ	Noord	Norden	Norte	Nord	Nord	Norte
匯入備份檔	Import backup	バックアップファイルをインポートする	Import backup	汇入备份档	នាំចូលឯកសារបម្រុងទុក	အရန်ဖိုင်ကို တင်သွင်းပါ။	Нөөц файлыг импортлох	ब्याकअप फाइल आयात गर्नुहोस्	बैकअप फ़ाइल आयात करें	นำเข้าไฟล์สำรอง	Nhập tập tin sao lưu	Impor file cadangan	Import fail sandaran	Mag-import ng backup na file	Yedekleme dosyasını içe aktar	Імпорт файлу резервної копії	Импортировать файл резервной копии	Zaimportuj plik kopii zapasowej	Back-upbestand importeren	Sicherungsdatei importieren	Importar archivo de copia de seguridad	Importer le fichier de sauvegarde	Importa file di backup	Importar arquivo de backup
匯入失敗：檔案可能損壞	Import failed — the file may be damaged	読み込みに失敗：ファイルが壊れている可能性があります	가져오기 실패 — 파일이 손상됐을 수 있어요	汇入失败：档案可能损坏	នាំចូលមិនបាន — ឯកសារប្រហែលខូច	သွင်းမရပါ — ဖိုင်ပျက်နေနိုင်သည်	Импорт амжилтгүй — файл гэмтсэн байж магадгүй	आयात भएन — फाइल बिग्रिएको हुन सक्छ	आयात नहीं हुआ — फ़ाइल ख़राब हो सकती है	นำเข้าไม่สำเร็จ — ไฟล์อาจเสีย	Nhập thất bại — tệp có thể bị hỏng	Impor gagal — file mungkin rusak	Import gagal — fail mungkin rosak	Hindi na-import — maaaring sira ang file	İçe aktarılamadı — dosya bozuk olabilir	Не вдалося імпортувати — файл може бути пошкоджений	Не удалось импортировать — файл может быть повреждён	Import nieudany — plik może być uszkodzony	Importeren mislukt — bestand mogelijk beschadigd	Import fehlgeschlagen – Datei evtl. beschädigt	Error al importar: el archivo puede estar dañado	Échec de l'import — fichier peut-être abîmé	Importazione non riuscita: il file potrebbe essere danneggiato	Falha ao importar — o arquivo pode estar danificado
匯入好了，離線也看得到	Imported — works offline now	読み込みました。オフラインでも見られます	가져왔어요 — 오프라인에서도 볼 수 있어요	汇入好了，离线也看得到	បាននាំចូល — មើលក្រៅបណ្ដាញបាន	သွင်းပြီး — အော့ဖ်လိုင်းကြည့်လို့ရပြီ	Импортлолоо — офлайн харж болно	आयात भयो — अब अफलाइन पनि	आयात हुआ — अब ऑफ़लाइन भी	นำเข้าแล้ว — ใช้ออฟไลน์ได้	Đã nhập — xem được ngoại tuyến	Diimpor — kini bisa offline	Diimport — kini boleh luar talian	Na-import — gumagana na offline	İçe aktarıldı — artık çevrimdışı	Імпортовано — працює офлайн	Импортировано — работает офлайн	Zaimportowano — działa offline	Geïmporteerd — werkt nu offline	Importiert – jetzt offline verfügbar	Importado: ya funciona sin conexión	Importé — dispo hors ligne	Importato: ora funziona offline	Importado — funciona offline
匯入離線地圖中…	Importing offline maps…	オフライン マップをインポートしています…	오프라인 지도 가져오는 중…	汇入离线地图中…	កំពុងនាំចូលផែនទីក្រៅបណ្តាញ...	အော့ဖ်လိုင်းမြေပုံများကို တင်သွင်းနေသည်…	Офлайн газрын зургийг импортлож байна...	अफलाइन नक्सा आयात गर्दै...	ऑफ़लाइन मानचित्र आयात किए जा रहे हैं…	กำลังนำเข้าแผนที่ออฟไลน์...	Đang nhập bản đồ ngoại tuyến…	Mengimpor peta offline…	Mengimport peta luar talian…	Ini-import ang mga offline na mapa…	Çevrimdışı haritalar içe aktarılıyor…	Імпорт офлайн-карт…	Импорт офлайн-карт…	Importuję mapy offline…	Offline kaarten importeren…	Offline-Karten werden importiert…	Importando mapas sin conexión...	Importation de cartes hors ligne…	Importazione mappe offline…	Importando mapas off-line…
匯出失敗，再試一次	Export failed — try again	書き出しに失敗しました。もう一度お試しください	내보내기 실패 — 다시 해 보세요	汇出失败，再试一次	នាំចេញមិនបាន — សាកម្ដងទៀត	ထုတ်မရပါ — ထပ်ကြိုးစားပါ	Экспорт амжилтгүй — дахин оролдоно уу	निर्यात भएन — फेरि प्रयास गर्नुहोस्	निर्यात नहीं हुआ — फिर कोशिश करें	ส่งออกไม่สำเร็จ — ลองใหม่	Xuất thất bại — thử lại	Ekspor gagal — coba lagi	Eksport gagal — cuba lagi	Hindi na-export — subukan ulit	Dışa aktarılamadı — tekrar dene	Не вдалося експортувати — спробуйте ще	Не удалось экспортировать — попробуйте ещё раз	Eksport nieudany — spróbuj ponownie	Exporteren mislukt — probeer opnieuw	Export fehlgeschlagen – nochmal versuchen	Error al exportar: inténtalo de nuevo	Échec de l'export — réessaie	Esportazione non riuscita: riprova	Falha ao exportar — tente de novo
升級 Premium 無限下載	Upgrade to Premium for unlimited	無制限のプレミアムにアップグレード	무제한으로 프리미엄으로 업그레이드하세요	升级 Premium 无限下载	ដំឡើងកំណែទៅជា Premium ដោយគ្មានដែនកំណត់	အကန့်အသတ်မရှိအတွက် Premium သို့ အဆင့်မြှင့်ပါ။	Хязгааргүй төлбөртэйгээр Premium руу шинэчилнэ үү	असीमितका लागि प्रीमियममा स्तरवृद्धि गर्नुहोस्	असीमित के लिए प्रीमियम में अपग्रेड करें	อัปเกรดเป็นพรีเมียมได้ไม่จำกัด	Nâng cấp lên Premium không giới hạn	Tingkatkan ke Premium tanpa batas	Naik taraf kepada Premium untuk tanpa had	Mag-upgrade sa Premium para sa unlimited	Sınırsız olarak Premium'a yükseltin	Оновіть до Premium для необмеженого доступу	Обновите до Премиум без ограничений	Przejdź na Premium bez ograniczeń	Upgrade onbeperkt naar Premium	Upgraden Sie unbegrenzt auf Premium	Actualízate a Premium sin límites	Passez à Premium pour un accès illimité	Passa a Premium per un numero illimitato	Atualize para Premium de forma ilimitada
午後漫遊者	Afternoon wanderer	午後の散策派	오후 산책가	午后漫游者	អ្នកដើរពេលរសៀល	နေ့လယ်ခင်း လမ်းလျှောက်သူ	Үдээс хойшхи аялагч	दिउँसोका घुमन्ते	दोपहर के घुमक्कड़	นักเดินยามบ่าย	Người dạo bước buổi chiều	Pengembara sore	Pengembara petang	Hapon na manlalakbay	Öğleden sonra gezgini	Післяобідній мандрівник	Послеобеденный странник	Popołudniowy wędrowiec	Middagwandelaar	Nachmittagswanderer	Caminante de la tarde	Flâneur de l'après-midi	Viandante pomeridiano	Andarilho da tarde
南部	South	南部	남부	南部	ភាគខាងត្បូង	တောင်ပိုင်း	Өмнөд	दक्षिण	दक्षिण	ภาคใต้	Miền Nam	Selatan	Selatan	Timog	Güney	Південь	Юг	Południe	Zuid	Süden	Sur	Sud	Sud	Sul
去一條沒走過的步道	Try a trail you haven't walked	初めての道を歩く	처음 가는 길 걷기	去一条没走过的步道	សាកផ្លូវថ្មី	မလျှောက်ဖူးတဲ့လမ်း သွား	Шинэ зам алх	नयाँ बाटो हिँड्नुहोस्	नया ट्रेल आज़माएँ	ลองเส้นทางที่ยังไม่เคยเดิน	Thử một đường mới	Coba jalur baru	Cuba laluan baharu	Subukan ang bagong trail	Yeni bir parkur dene	Спробуй нову стежку	Пройди новую тропу	Wypróbuj nowy szlak	Probeer een nieuw pad	Einen neuen Weg gehen	Prueba un sendero nuevo	Essaie un sentier inédit	Prova un sentiero nuovo	Experimente uma trilha nova
去花叢那邊晃了一圈	I fluttered around the flowers	お花畑をひとまわりしてきた	꽃밭 쪽을 한 바퀴 돌았어	去花丛那边晃了一圈	ហើរជុំវិញគុម្ពផ្កាមួយជុំ	ပန်းခင်းဘက် တစ်ပတ်ပျံသွားတယ်	Цэцгийн дундуур нэг тойрлоо	फूलबारीतिर एक फन्को लगाएँ	फूलों के आसपास उड़ता रहा	ไปบินวนแถวพุ่มดอกไม้มา	Mình bay một vòng quanh bụi hoa	Aku berkeliling di sekitar bunga	Saya terbang keliling bunga	Lumipad-lipad ako sa mga bulaklak	Çiçeklerin etrafında bir tur attım	Покружляв над квітами	Покружил над цветами	Pofruwałem wokół kwiatów	Ik fladderde rond de bloemen	Ich bin um die Blumen geflattert	Revoloteé por las flores	J'ai voleté autour des fleurs	Ho svolazzato tra i fiori	Voei em volta das flores
去記錄	Start recording	記録しに行く	기록하러 가기	去记录	ទៅកត់ត្រា	မှတ်တမ်းတင်မယ်	Бичих	रेकर्ड गर्नुहोस्	रिकॉर्ड करें	ไปบันทึก	Đi ghi lại	Mulai rekam	Mula rakam	Mag-record	Kayda başla	Записати	Записать	Nagrywaj	Opnemen	Aufzeichnen	Grabar	Enregistrer	Registra	Gravar
去走	Go hike	歩く	걷기	去走	ដើរ	လမ်းလျှောက်	Алх	हिँड्नु	चलें	ไปเดิน	Đi bộ	Jalan	Berjalan	Maglakad	Yürü	Іти	Идти	Idź	Wandelen	Wandern	Caminar	Marcher	Cammina	Caminhar
去雲裡繞了一圈	I took a loop through the clouds	雲の中をひとまわりしてきた	구름 속을 한 바퀴 돌았어	去云里绕了一圈	ហោះជុំវិញក្នុងពពកមួយជុំ	တိမ်ထဲမှာ တစ်ပတ်ပတ်လာတယ်	Үүлэн дундуур нэг тойрлоо	बादलभित्र एक फन्को मारें	बादलों में एक चक्कर लगाया	ไปวนในเมฆมารอบหนึ่ง	Mình lượn một vòng trong mây	Aku berputar-putar di awan	Saya berpusing dalam awan	Umikot ako sa mga ulap	Bulutların içinde bir tur attım	Зробив коло в хмарах	Сделал круг в облаках	Zrobiłem rundkę w chmurach	Ik maakte een rondje door de wolken	Ich hab eine Runde durch die Wolken gedreht	Di una vuelta por las nubes	J'ai fait un tour dans les nuages	Ho fatto un giro tra le nuvole	Dei uma volta pelas nuvens
取消	Cancel	キャンセル	취소	取消	បោះបង់	မလုပ်တော့	Цуцлах	रद्द गर्नुहोस्	रद्द करना	ยกเลิก	Hủy bỏ	Membatalkan	Batal	Kanselahin	İptal etmek	Скасувати	Отмена	Anulować	Annuleren	Abbrechen	Cancelar	Annuler	Cancellare	Cancelar
古道	Historic	歴史的な	역사적인	古道	ប្រវត្តិសាស្ត្រ	သမိုင်းဝင်	Түүхэн	ऐतिहासिक	ऐतिहासिक	ประวัติศาสตร์	Lịch sử	Bersejarah	Bersejarah	Makasaysayan	Tarihi	Історичний	Исторический	Historyczny	Historisch	Historisch	Histórico	Historique	Storico	Histórico
合併	Merge	マージ	병합	合并	បញ្ចូលគ្នា	ပေါင်းစည်း	Нэгтгэх	मर्ज	मर्ज	ผสาน	Gộp	Gabung	Gabung	Pagsamahin	Birleştir	Об'єднати	Объединить	Scal	Samenvoegen	Zusammenführen	Combinar	Fusionner	Unisci	Mesclar
合併：保留這台手機上的紀錄，把備份裡的加進來。	Merge: keep the hikes on this phone and add the ones from the backup.	統合：この端末の記録はそのまま、バックアップの記録を追加します。	합치기: 이 휴대폰의 기록은 그대로 두고 백업 기록을 더해요.	合并：保留这台手机上的纪录，把备份里的加进来。	បញ្ចូល៖ រក្សាកំណត់ត្រាលើទូរស័ព្ទ ហើយបន្ថែមពីការបម្រុងទុក។	ပေါင်းမည်: ဒီဖုန်းထဲက မှတ်တမ်းတွေထားပြီး backup ထဲကဟာတွေ ထည့်မည်။	Нэгтгэх: утсан дээрх бичлэгийг үлдээж, нөөцөөс нэмнэ.	मर्ज: यो फोनका रेकर्ड राख्छ र ब्याकअपका थप्छ।	मिलाएँ: इस फ़ोन की हाइक रहेंगी, बैकअप वाली जुड़ जाएँगी।	รวม: เก็บบันทึกในเครื่องไว้ แล้วเพิ่มจากข้อมูลสำรอง	Gộp: giữ các chuyến trên máy và thêm các chuyến trong bản sao lưu.	Gabung: simpan catatan di ponsel ini dan tambahkan yang dari cadangan.	Gabung: kekalkan rekod di telefon ini dan tambah dari sandaran.	Pagsamahin: itatabi ang mga lakad sa phone at idadagdag ang mula sa backup.	Birleştir: telefondaki kayıtlar kalır, yedektekiler eklenir.	Об'єднати: походи на телефоні лишаться, додадуться з копії.	Объединить: походы на телефоне останутся, добавятся из копии.	Scal: zachowuje wycieczki z telefonu i dodaje te z kopii.	Samenvoegen: tochten op deze telefoon blijven, die uit de back-up komen erbij.	Zusammenführen: Touren auf dem Handy bleiben, die aus der Sicherung kommen dazu.	Combinar: conserva las salidas del teléfono y añade las de la copia.	Fusionner : garde les sorties du téléphone et ajoute celles de la sauvegarde.	Unisci: tieni le uscite del telefono e aggiungi quelle del backup.	Mesclar: mantém as trilhas do celular e adiciona as do backup.
同行	Together	同行	동행	同行	ជាមួយគ្នា	အတူတူ	Хамт	सँगै	साथ	ไปด้วยกัน	Cùng nhau	Bersama	Bersama	Magkasama	Birlikte	Разом	Вместе	Razem	Samen	Zusammen	Juntos	Ensemble	Insieme	Juntos
呼…呼…（輕輕點一下叫醒牠）	Zzz… (tap gently to wake it)	すぅ…すぅ…（そっとタップで起こす）	쿨…쿨… (살짝 눌러서 깨우기)	呼…呼…（轻轻点一下叫醒它）	Zzz… (ប៉ះថ្នមៗដើម្បីដាស់)	Zzz… (နှိုးရန် ညင်ညင်သာသာ နှိပ်ပါ)	Хурр… (сэрээх бол зөөлөн дар)	Zzz… (ब्युँझाउन बिस्तारै थिच्नुहोस्)	Zzz… (जगाने के लिए धीरे से टैप करें)	คร่อก… (แตะเบาๆ เพื่อปลุก)	Khò… (chạm nhẹ để đánh thức)	Zzz… (ketuk pelan untuk membangunkan)	Zzz… (ketuk perlahan untuk kejutkan)	Zzz… (tapikin nang marahan para gisingin)	Zzz… (uyandırmak için hafifçe dokun)	Хрр… (торкнись, щоб розбудити)	Хрр… (коснись, чтобы разбудить)	Zzz… (dotknij delikatnie, by obudzić)	Zzz… (tik zachtjes om wakker te maken)	Zzz… (sanft antippen zum Wecken)	Zzz… (tócalo suave para despertarlo)	Zzz… (touche doucement pour le réveiller)	Zzz… (toccalo piano per svegliarlo)	Zzz… (toque de leve para acordar)
呼…（翻身）	Zzz… (rolls over)	すぅ…（寝返り）	쿨… (뒤척)	呼…（翻身）	ក្រេតៗ… (ប្រែខ្លួន)	ဇီး… (လှည့်)	Хурр… (эргэв)	खुर्र… (कोल्टे)	Zzz… (करवट)	ฟี้… (พลิกตัว)	Khò… (trở mình)	Zzz… (berguling)	Zzz… (berguling)	Zzz… (bumaling)	Hrr… (döner)	Хрр… (перевертається)	Хрр… (переворачивается)	Zzz… (przewraca się)	Zzz… (draait om)	Zzz… (dreht sich um)	Zzz… (se da la vuelta)	Zzz… (se retourne)	Zzz… (si gira)	Zzz… (vira de lado)
哇～頭好暈	Whoa~ I'm dizzy	わ～目が回る	우와~ 어지러워	哇～头好晕	អូ~ វិលមុខណាស់	ဟာ~ ခေါင်းမူးတယ်	Ёо~ толгой эргэлээ	ओहो~ रिंगटा लाग्यो	अरे~ चक्कर आ रहा है	ว้าย~ เวียนหัว	Ui~ chóng mặt quá	Wah~ pusing	Wah~ peningnya	Wow~ nahihilo ako	Vay~ başım döndü	Ой~ голова паморочиться	Ой~ голова кружится	Ojej~ kręci mi się w głowie	Wauw~ ik ben duizelig	Huch~ mir ist schwindelig	¡Uy~ qué mareo	Ouh~ j'ai la tête qui tourne	Uh~ mi gira la testa	Uau~ que tontura
嗯…？你回來了	Hm…? You're back	ん…？おかえり	흠…? 돌아왔구나	嗯…？你回来了	អឺ…? អ្នកត្រឡប់មកវិញហើយ	ဟင်…? ပြန်လာပြီလား	Хм…? Чи ирчихлээ	हम्म…? तिमी फर्कियौ	हम्म…? तुम वापस आ गए	อืม…? กลับมาแล้วเหรอ	Ừm…? Bạn về rồi à	Hm…? Kamu sudah pulang	Hm…? Awak dah balik	Hm…? Nakabalik ka na	Hm…? Döndün mü	Хм…? Ти повернувся	Хм…? Ты вернулся	Hm…? Wróciłeś	Hm…? Je bent terug	Hm…? Du bist zurück	¿Mm…? Ya volviste	Hm… ? Tu es revenu	Mm…? Sei tornato	Hm…? Você voltou
在吃東西，等我一下～	Eating — just a sec~	食べてるよ、ちょっと待ってね〜	먹는 중이야, 잠깐만~	在吃东西，等我一下～	កំពុងញ៉ាំ សូមរង់ចាំបន្តិច~	စားနေတယ်၊ ခဏစောင့်ပါ~	Идэж байна, түр хүлээгээрэй~	खाँदैछु, एकछिन पर्खनुस्~	खा रहा हूँ, बस एक पल~	กำลังกินอยู่ รอแป๊บนะ~	Đang ăn, chờ chút nhé~	Lagi makan, tunggu sebentar~	Sedang makan, tunggu sekejap~	Kumakain pa, sandali lang~	Yemek yiyorum, bir saniye~	Я їм, секундочку~	Я ем, секундочку~	Jem, chwileczkę~	Ik ben aan het eten, momentje~	Ich esse gerade – einen Moment~	Estoy comiendo, un momento~	Je mange, une petite seconde~	Sto mangiando, un attimo~	Estou comendo, só um instante~
在溪邊喝了好多水	I drank lots of water by the stream	沢でたくさん水を飲んだ	시냇가에서 물을 잔뜩 마셨어	在溪边喝了好多水	ផឹកទឹកច្រើននៅមាត់អូរ	ချောင်းနားမှာ ရေအများကြီး သောက်တယ်	Горхины эрэгт их ус уулаа	खोलानजिक धेरै पानी पिएँ	झरने के पास खूब पानी पिया	ไปกินน้ำที่ลำธารเยอะเลย	Mình uống thật nhiều nước bên suối	Aku minum banyak air di tepi sungai	Saya minum banyak air di tepi anak sungai	Uminom ako ng maraming tubig sa batis	Derenin kenarında bolca su içtim	Напився води біля струмка	Напился воды у ручья	Napiłem się dużo wody przy strumieniu	Ik dronk veel water bij de beek	Ich hab am Bach viel Wasser getrunken	Bebí mucha agua en el arroyo	J'ai bu plein d'eau au ruisseau	Ho bevuto tanta acqua al ruscello	Bebi muita água no riacho
在草叢裡挖到一顆松果	I dug up a pinecone in the grass	草むらで松ぼっくりを掘り出した	풀숲에서 솔방울을 파냈어	在草丛里挖到一颗松果	ជីកឃើញផ្លែស្រល់ក្នុងគុម្ពស្មៅ	မြက်တောထဲမှာ ထင်းရှူးသီးတစ်လုံး တူးတွေ့တယ်	Өвсөн дундаас нарсны боргоцой ухаж олов	घाँसमा सल्लाको कोन खनेर भेटें	घास में एक चीड़ का फल खोद निकाला	ขุดเจอลูกสนในพงหญ้า	Mình đào được một quả thông trong bụi cỏ	Aku menggali buah pinus di rerumputan	Saya gali buah pain dalam rumput	May nahukay akong pinecone sa damuhan	Çimenlerde bir çam kozalağı kazıp çıkardım	Викопав шишку в траві	Выкопал шишку в траве	Wykopałem szyszkę w trawie	Ik groef een dennenappel op in het gras	Ich hab im Gras einen Tannenzapfen ausgegraben	Desenterré una piña entre la hierba	J'ai déterré une pomme de pin dans l'herbe	Ho dissotterrato una pigna nell'erba	Desenterrei uma pinha na grama
地圖還空空的，走完第一趟就畫上去了	No tracks to show yet — go hike one!	まだ表示するトラックはありません。ハイキングに行ってみましょう!	아직 표시할 트랙이 없습니다. 하이킹을 해보세요!	还没有可显示的轨迹，先去走一条吧	មិន​ទាន់​មាន​បទ​ដើម្បី​បង្ហាញ​នៅ​ឡើយ​ទេ — ទៅ​ឡើង​ភ្នំ​មួយ!	ပြသရန် သီချင်းများ မရှိသေးပါ — ခရီးတစ်ခုကို သွားပါ။	Харагдах зам алга - нэг яваарай!	अझै देखाउनको लागि कुनै ट्र्याकहरू छैनन् - एउटा हाइक गर्नुहोस्!	अभी तक दिखाने के लिए कोई ट्रैक नहीं है - एक पदयात्रा करें!	ยังไม่มีเส้นทางที่จะแสดง — ไปเดินป่ากันเถอะ!	Chưa có đường đi nào - hãy đi bộ một đường!	Belum ada trek untuk ditampilkan — ayo mendaki!	Tiada trek untuk ditunjukkan lagi — pergi mendaki satu!	Wala pang ipapakitang track — mag-hike ng isa!	Henüz gösterilecek parkur yok - yürüyüşe çıkın!	Ще немає доріжок для показу — вирушайте в похід одним!	Пока нет треков для показа — отправляйтесь в поход!	Nie ma jeszcze żadnych śladów do pokazania — wybierz się na jedną z nich!	Er zijn nog geen tracks om te tonen. Ga er een wandelen!	Es sind noch keine Spuren zu zeigen – machen Sie eine Wanderung!	Aún no hay pistas para mostrar: ¡ve a caminar por una!	Aucune piste à afficher pour l'instant – partez en randonnée !	Nessuna traccia da mostrare ancora: vai a fare un'escursione!	Nenhuma trilha para mostrar ainda – vá caminhar uma!
夥伴想你的提醒	"Buddy misses you" reminder	相棒が会いたがってるお知らせ	"친구가 보고 싶대요" 알림	伙伴想你的提醒	ការរំលឹក "មិត្តនឹករលឹកអ្នក"	"အဖော်က သင့်ကို လွမ်းနေတယ်" သတိပေးချက်	"Нөхөр чинь санаж байна" сануулга	"साथीले तपाईंलाई सम्झिरहेको छ" रिमाइन्डर	"साथी आपको याद करता है" रिमाइंडर	การแจ้งเตือน "เพื่อนคิดถึง"	Nhắc "bạn đồng hành nhớ bạn"	Pengingat "teman rindu kamu"	Peringatan "teman rindukan kamu"	Paalalang "nami-miss ka ng kasama"	"Arkadaşın seni özledi" hatırlatması	Нагадування «друг сумує»	Напоминание «друг скучает»	Przypomnienie „towarzysz tęskni"	Herinnering "je maatje mist je"	„Dein Begleiter vermisst dich"-Erinnerung	Aviso "tu compañero te extraña"	Rappel « ton compagnon s'ennuie »	Promemoria "il compagno ti cerca"	Lembrete "seu parceiro sente saudade"
夥伴想去走	Your buddy wants to go to	相棒が行きたがっている	친구가 가고 싶어 해요	伙伴想去走	ដៃគូចង់ទៅ	အဖော်က သွားချင်တယ်	Нөхөр чинь очмоор байна	साथी जान चाहन्छ	आपका साथी जाना चाहता है	คู่หูอยากไป	Bạn đồng hành muốn đi	Temanmu ingin ke	Teman anda mahu ke	Gustong pumunta ng kasama mo sa	Arkadaşın gitmek istiyor	Твій улюбленець хоче на	Твой питомец хочет на	Twój towarzysz chce iść na	Je maatje wil naar	Dein Begleiter will zu	Tu compañero quiere ir a	Ton compagnon veut aller vers	Il tuo compagno vuole andare a	Seu companheiro quer ir para
夥伴手冊	Buddy book	相棒ずかん	버디 북	伙伴手册	សៀវភៅមិត្តភក្ដិ	အပေါင်းအသင်းစာအုပ်	Найз ном	साथी पुस्तक	दोस्त किताब	หนังสือบัดดี้	Sách bạn thân	Buku teman	Buku kawan	Buddy book	Dostum kitabı	Книга приятеля	Книга друзей	Książka kumpel	Vriendjesboek	Buddy-Buch	Álbum del compañero	Livre de copain	Libro amico	Livro de amigos
夥伴日記	Buddy diary	相棒日記	친구 일기	伙伴日记	កំណត់ហេតុមិត្ត	အဖော်ဒိုင်ယာရီ	Хамтрагчийн өдрийн тэмдэглэл	साथीको डायरी	साथी की डायरी	บันทึกเพื่อนคู่หู	Nhật ký bạn đồng hành	Buku harian teman	Diari teman	Talaarawan ng kasama	Arkadaş günlüğü	Щоденник супутника	Дневник спутника	Dziennik towarzysza	Maatjesdagboek	Begleiter-Tagebuch	Diario del compañero	Journal du compagnon	Diario del compagno	Diário do companheiro
夥伴照片預覽	Buddy photo preview	相棒写真のプレビュー	친구 사진 미리보기	伙伴照片预览	មើលរូបដៃគូជាមុន	အဖော်ဓာတ်ပုံ အစမ်းကြည့်	Нөхрийн зургийн урьдчилсан харагдац	साथी फोटो पूर्वावलोकन	साथी फ़ोटो पूर्वावलोकन	ตัวอย่างรูปเพื่อน	Xem trước ảnh	Pratinjau foto teman	Pratonton gambar rakan	Preview ng litrato	Fotoğraf önizlemesi	Попередній перегляд фото	Предпросмотр фото	Podgląd zdjęcia	Voorbeeld van de foto	Vorschau Begleiterfoto	Vista previa de la foto	Aperçu de la photo	Anteprima della foto	Prévia da foto
夥伴睡覺時間	Buddy's bedtime	相棒のねる時間	친구 잘 시간	伙伴睡觉时间	ម៉ោងគេងរបស់មិត្ត	အဖော် အိပ်ချိန်	Унтах цаг	सुत्ने समय	सोने का समय	เวลานอนของเพื่อน	Giờ ngủ	Waktu tidur	Waktu tidur teman	Oras ng tulog	Uyku saati	Час сну	Время сна	Pora snu	Bedtijd van je maatje	Schlafenszeit	Hora de dormir	Heure du coucher	Ora di dormire	Hora de dormir
夥伴震動	Buddy vibration	相棒のバイブ	친구 진동	伙伴震动	ការញ័រដៃគូ	အဖော် တုန်ခါမှု	Нөхрийн чичиргээ	साथी कम्पन	साथी कंपन	การสั่นของเพื่อน	Rung khi tương tác	Getar teman	Getaran rakan	Vibrasyon ng kasama	Arkadaş titreşimi	Вібрація друга	Вибрация спутника	Wibracje towarzysza	Maatjestrilling	Begleiter-Vibration	Vibración del compañero	Vibration du compagnon	Vibrazione del compagno	Vibração do companheiro
夥伴音效（吃東西、抱抱、進化）	Buddy sounds (eating, hugs, evolving)	相棒の効果音（ごはん・ハグ・進化）	친구 효과음 (먹기, 포옹, 진화)	伙伴音效（吃东西、抱抱、进化）	សំឡេងដៃគូ (ញ៉ាំ ឱប វិវត្ត)	အဖော်အသံ (စား၊ ပွေ့ဖက်၊ ဆင့်ကဲ)	Нөхрийн дуу (хоол, тэврэлт, хувьсал)	साथीका आवाज (खाना, अँगालो, विकास)	साथी की आवाज़ें (खाना, गले लगना, विकास)	เสียงเพื่อน (กิน กอด วิวัฒนาการ)	Âm thanh bạn đồng hành (ăn, ôm, tiến hóa)	Suara teman (makan, pelukan, evolusi)	Bunyi rakan (makan, peluk, evolusi)	Tunog ng kasama (kain, yakap, ebolusyon)	Arkadaş sesleri (yemek, sarılma, evrim)	Звуки друга (їжа, обійми, еволюція)	Звуки спутника (еда, объятия, эволюция)	Dźwięki towarzysza (jedzenie, przytulanie, ewolucja)	Maatjesgeluiden (eten, knuffels, evolutie)	Begleiter-Töne (Essen, Umarmen, Entwicklung)	Sonidos del compañero (comer, abrazos, evolución)	Sons du compagnon (repas, câlins, évolution)	Suoni del compagno (pasti, abbracci, evoluzione)	Sons do companheiro (comer, abraços, evolução)
大卡	kcal	kcal	kcal	大卡	kcal	kcal	ккал	kcal	किलो कैलोरी	กิโลแคลอรี	kcal	kkal	kcal	kcal	kcal	ккал	ккал	kcal	kcal	kcal	calorías	kcal	kcal	calorias
天	days	日	날	天	ថ្ងៃ	နေ့ရက်များ	өдрүүд	दिनहरू	दिन	วัน	ngày	hari	hari	araw	günler	днів	дни	dni	dagen	Tage	días	jours	giorni	dias
太棒了	Awesome	素晴らしい	최고야!	太棒了	អស្ចារ្យ	အရမ်းကောင်းတယ်။	Гайхалтай	गजब	बहुत बढ़िया	สุดยอด	Tuyệt vời	Luar biasa	Hebat	Kahanga-hanga	Mükemmel	приголомшливо	Потрясающий	Wspaniały	Geweldig	Eindrucksvoll	Impresionante	Génial	Eccezionale	Incrível
好久沒出門了，先來條輕鬆的	It's been a while — let's start easy	久しぶりだね。まずは軽めの道から	오랜만이에요. 쉬운 길부터	好久没出门了，先来条轻松的	យូរហើយ ចាប់ផ្តើមស្រាលៗសិន	ကြာပြီ၊ လွယ်တာနဲ့ စကြမယ်	Удаж — хөнгөнөөс эхэлье	धेरै भयो — सजिलोबाट सुरु	काफ़ी समय हो गया — आसान से शुरू करें	ไม่ได้ออกนาน เริ่มเบาๆ ก่อน	Lâu rồi, bắt đầu nhẹ nhàng thôi	Sudah lama — mulai yang ringan dulu	Dah lama — mula yang mudah dulu	Matagal na — magsimula sa madali	Uzun zaman oldu — kolayla başlayalım	Давно не виходили — почнімо з легкого	Давно не выходили — начнём с лёгкого	Dawno cię nie było — zacznijmy lekko	Lang geleden — begin rustig	Lang nicht unterwegs – erst mal was Leichtes	Hace tiempo que no sales, empecemos suave	Ça fait longtemps, commençons doucement	È passato un po', iniziamo con calma	Faz tempo — vamos começar leve
好友送你 {n} 顆果實！	A friend sent you {n} berries!	友だちから木の実が {n} 個届いたよ！	친구가 열매 {n}개를 보냈어!	好友送你 {n} 颗果实！	មិត្តផ្ញើផ្លែឈើ {n} មកអ្នក!	သူငယ်ချင်းက သီး {n} လုံး ပို့ပေးတယ်!	Найз чинь {n} жимс илгээлээ!	साथीले {n} फल पठायो!	एक दोस्त ने तुम्हें {n} बेरी भेजीं!	เพื่อนส่งผลไม้มาให้ {n} ลูก!	Bạn bè gửi bạn {n} quả mọng!	Teman mengirimimu {n} buah beri!	Rakan hantar {n} beri kepada anda!	Pinadalhan ka ng kaibigan ng {n} berries!	Bir arkadaşın sana {n} meyve gönderdi!	Друг надіслав тобі {n} ягід!	Друг прислал тебе {n} ягод!	Znajomy wysłał ci {n} jagód!	Een vriend stuurde je {n} bessen!	Ein Freund hat dir {n} Beeren geschickt!	¡Un amigo te envió {n} bayas!	Un ami t'a envoyé {n} baies !	Un amico ti ha mandato {n} bacche!	Um amigo te mandou {n} frutinhas!
好多沒看過的東西	So many new things to see	見たことないものがいっぱい	처음 보는 게 잔뜩이야	好多没看过的东西	មានរបស់ថ្មីៗច្រើនណាស់	မမြင်ဖူးတာတွေ အများကြီး	Үзээгүй юм их байлаа	नयाँ कुरा कति धेरै	देखने को कितना कुछ नया	มีของที่ไม่เคยเห็นเยอะเลย	Bao nhiêu thứ chưa từng thấy	Banyak hal baru	Banyak benda baru	Ang daming bagong makikita	Görülmedik bir sürü şey	Стільки нового	Столько нового	Tyle nowych rzeczy	Zoveel nieuws te zien	So viel Neues zu sehen	Tantas cosas nuevas	Tant de choses nouvelles	Tante cose nuove	Tanta coisa nova
好好玩！	That was fun!	たのしい！	재밌다!	好好玩！	សប្បាយណាស់!	ပျော်စရာကောင်းလိုက်တာ!	Ямар хөгжилтэй вэ!	कति रमाइलो!	कितना मज़ा आया!	สนุกจัง!	Vui quá!	Seru sekali!	Seronoknya!	Ang saya!	Çok eğlenceli!	Як весело!	Как весело!	Ale frajda!	Wat leuk!	Das hat Spaß gemacht!	¡Qué divertido!	C'était trop bien !	Che divertente!	Que divertido!
好舒服～	That feels so nice~	気持ちいい～	아 좋다~	好舒服～	ស្រួលណាស់~	သက်တောင့်သက်သာ ရှိလိုက်တာ~	Ямар сайхан юм~	कति आनन्द~	कितना अच्छा लग रहा है~	สบายจัง~	Dễ chịu quá~	Enak sekali~	Sedapnya~	Ang sarap~	Çok hoş~	Як приємно~	Как приятно~	Jak przyjemnie~	Wat fijn~	Das tut gut~	¡Qué gustito~	Ça fait du bien~	Che bello~	Que gostoso~
姿勢	Pose	ポーズ	포즈	姿势	ឥរិយាបថ	ဟန်	Байдал	मुद्रा	मुद्रा	ท่าทาง	Tư thế	Pose	Gaya	Pose	Poz	Поза	Поза	Poza	Houding	Pose	Pose	Pose	Posa	Pose
存好了	Saved!	保存した！	저장했어요!	存好了	រក្សាទុករួច!	သိမ်းပြီး!	Хадгаллаа!	सेभ भयो!	सेव हो गया!	บันทึกแล้ว!	Đã lưu!	Tersimpan!	Disimpan!	Na-save!	Kaydedildi!	Збережено!	Сохранено!	Zapisane!	Opgeslagen!	Gespeichert!	¡Guardado!	Enregistré !	Salvato!	Salvo!
存成圖片分享	Save as image to share	画像にして共有	이미지로 저장해 공유	存成图片分享	រក្សាទុកជារូបភាពដើម្បីចែករំលែក	ပုံအဖြစ် သိမ်းပြီး မျှဝေရန်	Зураг болгон хадгалж хуваалцах	तस्बिरका रूपमा सेभ गरी सेयर	शेयर करने के लिए इमेज सेव करें	บันทึกเป็นรูปเพื่อแชร์	Lưu thành ảnh để chia sẻ	Simpan sebagai gambar untuk dibagikan	Simpan sebagai imej untuk dikongsi	I-save bilang larawan para ibahagi	Paylaşmak için resim olarak kaydet	Зберегти зображенням, щоб поділитися	Сохранить картинкой, чтобы поделиться	Zapisz jako obraz do udostępnienia	Opslaan als afbeelding om te delen	Als Bild speichern und teilen	Guardar como imagen para compartir	Enregistrer en image pour partager	Salva come immagine da condividere	Salvar como imagem para compartilhar
存成檔案	Save as file	ファイルに保存	파일로 저장	存成文件	រក្សាជាឯកសារ	ဖိုင်အဖြစ်သိမ်း	Файл болгох	फाइलमा सेभ	फ़ाइल में सेव करें	บันทึกเป็นไฟล์	Lưu thành tệp	Simpan sebagai file	Simpan sebagai fail	I-save bilang file	Dosya olarak kaydet	Зберегти у файл	Сохранить в файл	Zapisz jako plik	Als bestand opslaan	Als Datei sichern	Guardar como archivo	Enregistrer en fichier	Salva come file	Salvar como arquivo
季節限定	Seasonal	季節限定	시즌 한정	季节限定	តាមរដូវ	ရာသီအလိုက်	Улирлын	मौसमी	मौसमी	ตามฤดูกาล	Theo mùa	Musiman	Bermusim	Pana-panahon	Sezonluk	Сезонне	Сезонное	Sezonowe	Seizoensgebonden	Saisonal	De temporada	Saisonnier	Stagionale	Sazonal
完全取代	Replace all	完全に置き換え	전체 교체	完全取代	ជំនួសទាំងអស់	အားလုံးအစားထိုး	Бүгдийг солих	सबै बदल्नुहोस्	सब बदलें	แทนที่ทั้งหมด	Thay thế toàn bộ	Ganti semua	Ganti semua	Palitan lahat	Tümünü değiştir	Замінити все	Заменить всё	Zastąp wszystko	Alles vervangen	Alles ersetzen	Reemplazar todo	Tout remplacer	Sostituisci tutto	Substituir tudo
完全取代會刪掉這台手機上、備份裡沒有的紀錄。確定嗎？	Replace all deletes any hikes on this phone that aren't in the backup. Sure?	すべて置き換えると、バックアップにない端末の記録は消えます。よろしいですか？	전부 바꾸면 백업에 없는 이 휴대폰의 기록이 지워져요. 괜찮을까요?	完全取代会删掉这台手机上、备份里没有的纪录。确定吗？	ការជំនួសទាំងអស់នឹងលុបកំណត់ត្រាលើទូរស័ព្ទដែលមិនមានក្នុងការបម្រុងទុក។ ប្រាកដទេ?	အားလုံးအစားထိုးရင် backup ထဲမပါတဲ့ ဖုန်းထဲကမှတ်တမ်းတွေ ပျက်မည်။ သေချာလား?	Бүгдийг солибол нөөцөд байхгүй бичлэгүүд устна. Итгэлтэй юу?	सबै बदल्दा ब्याकअपमा नभएका फोनका रेकर्ड मेटिन्छन्। पक्का?	सब बदलने से फ़ोन की वे हाइक मिट जाएँगी जो बैकअप में नहीं हैं। पक्का?	แทนที่ทั้งหมดจะลบบันทึกในเครื่องที่ไม่มีในข้อมูลสำรอง แน่ใจไหม?	Thay toàn bộ sẽ xóa các chuyến trên máy không có trong bản sao lưu. Chắc chứ?	Ganti semua akan menghapus catatan di ponsel yang tidak ada di cadangan. Yakin?	Ganti semua akan memadam rekod dalam telefon yang tiada dalam sandaran. Pasti?	Buburahin ng Palitan lahat ang mga lakad sa phone na wala sa backup. Sigurado?	Tümünü değiştir, yedekte olmayan kayıtları siler. Emin misin?	Заміна видалить походи з телефона, яких немає в копії. Впевнені?	Замена удалит походы с телефона, которых нет в копии. Уверены?	Zastąpienie usunie wycieczki z telefonu, których nie ma w kopii. Na pewno?	Alles vervangen wist tochten op deze telefoon die niet in de back-up staan. Zeker?	„Alles ersetzen“ löscht Touren auf dem Handy, die nicht in der Sicherung sind. Sicher?	Reemplazar todo borra las salidas del teléfono que no estén en la copia. ¿Seguro?	Tout remplacer supprime les sorties du téléphone absentes de la sauvegarde. Sûr ?	Sostituisci tutto elimina le uscite del telefono che non sono nel backup. Sicuro?	Substituir tudo apaga as trilhas do celular que não estão no backup. Certeza?
完全取代：這台手機的資料整份換成備份的內容。	Replace all: everything on this phone is swapped for what's in the backup.	すべて置き換え：この端末のデータをバックアップの内容と丸ごと入れ替えます。	전부 바꾸기: 이 휴대폰의 데이터를 백업 내용으로 통째로 바꿔요.	完全取代：这台手机的资料整份换成备份的内容。	ជំនួសទាំងអស់៖ ទិន្នន័យទាំងអស់លើទូរស័ព្ទប្តូរទៅជាការបម្រុងទុក។	အားလုံးအစားထိုး: ဖုန်းထဲက ဒေတာအားလုံးကို backup နဲ့ လဲမည်။	Бүгдийг солих: утсан дээрх бүх өгөгдлийг нөөцөөр солино.	सबै बदल्नुहोस्: फोनको सबै डाटा ब्याकअपले बदलिन्छ।	सब बदलें: फ़ोन का सारा डेटा बैकअप से बदल जाएगा।	แทนที่ทั้งหมด: ข้อมูลในเครื่องจะถูกแทนด้วยข้อมูลสำรอง	Thay toàn bộ: mọi dữ liệu trên máy được thay bằng bản sao lưu.	Ganti semua: semua data di ponsel diganti isi cadangan.	Ganti semua: semua data dalam telefon ditukar dengan sandaran.	Palitan lahat: lahat sa phone ay papalitan ng nasa backup.	Tümünü değiştir: telefondaki her şey yedektekiyle değişir.	Замінити все: усі дані на телефоні заміняться копією.	Заменить всё: все данные на телефоне заменятся копией.	Zastąp wszystko: wszystko w telefonie zostanie zastąpione kopią.	Alles vervangen: alles op deze telefoon wordt vervangen door de back-up.	Alles ersetzen: alle Daten auf dem Handy werden durch die Sicherung ersetzt.	Reemplazar todo: todo lo del teléfono se cambia por la copia.	Tout remplacer : tout le contenu du téléphone est remplacé par la sauvegarde.	Sostituisci tutto: tutto sul telefono viene sostituito dal backup.	Substituir tudo: tudo no celular é trocado pelo backup.
完成一次每月挑戰就會解鎖，在夥伴頁看進度	Unlocks after you finish one monthly challenge — see progress on the Buddy tab	月間チャレンジを1回達成すると解放。進み具合は相棒タブで	월간 챌린지를 한 번 완료하면 해제 — 진행은 친구 탭에서	完成一次每月挑战就会解锁，在伙伴页看进度	ដោះសោបន្ទាប់ពីបញ្ចប់ការប្រកួតប្រចាំខែម្ដង — មើលក្នុងផ្ទាំងដៃគូ	လစဉ်စိန်ခေါ်မှု တစ်ခါပြီးလျှင် ဖွင့်မည် — အဖော် တဘ်တွင် ကြည့်ပါ	Сарын сорилтыг нэг удаа биелүүлбэл нээгдэнэ — явцыг Найз табаас	एउटा मासिक चुनौती पूरा गरेपछि खुल्छ — प्रगति साथी ट्याबमा	एक मासिक चुनौती पूरी करने पर खुलेगा — प्रगति साथी टैब में	ปลดล็อกเมื่อทำภารกิจประจำเดือนสำเร็จ 1 ครั้ง — ดูความคืบหน้าที่แท็บเพื่อน	Mở khóa sau một thử thách tháng — xem tiến độ ở tab Bạn đồng hành	Terbuka setelah satu tantangan bulanan selesai — lihat di tab Teman	Dibuka selepas satu cabaran bulanan — lihat kemajuan di tab Teman	Mabubuksan pagkatapos ng isang buwanang hamon — tingnan sa Buddy tab	Bir aylık görevi tamamlayınca açılır — ilerleme Dost sekmesinde	Відкриється після одного виклику місяця — прогрес на вкладці Друг	Откроется после одного вызова месяца — прогресс на вкладке Питомец	Odblokujesz po jednym wyzwaniu miesiąca — postęp w zakładce Towarzysz	Ontgrendelt na één maanduitdaging — voortgang op het tabblad Maatje	Wird nach einer geschafften Monats-Challenge frei – Fortschritt im Begleiter-Tab	Se desbloquea al completar un reto mensual; mira el progreso en Compañero	Débloqué après un défi du mois — progression dans l'onglet Compagnon	Si sblocca dopo una sfida mensile: vedi i progressi nella scheda Compagno	Desbloqueia após um desafio mensal — veja na aba Parceiro
小帳篷	Little tent	小さなテント	작은 텐트	小帐篷	តង់តូច	တဲလေး	Жижиг майхан	सानो पाल	छोटा तंबू	เต็นท์เล็ก	Lều nhỏ	Tenda kecil	Khemah kecil	Maliit na tolda	Küçük çadır	Намет	Палаточка	Mały namiot	Tentje	Kleines Zelt	Tiendita	Petite tente	Tendina	Barraquinha
小時後再餵	h until next feed	時間後にまたあげよう	시간 뒤에 또 주세요	小时后再喂	ម៉ោងទៀតចាំចិញ្ចឹម	နာရီကြာမှ ထပ်ကျွေး	цагийн дараа хооллоно	घण्टापछि खुवाउनुहोस्	घंटे बाद खिलाएँ	ชม. ค่อยให้อาหารอีก	giờ nữa mới cho ăn	jam lagi	jam lagi	oras bago pakainin ulit	sa sonra besle	год до годування	ч до кормления	h do karmienia	u tot volgende voeding	Std. bis zum Füttern	h para volver a alimentar	h avant le prochain repas	h al prossimo pasto	h para alimentar de novo
小時後可以再餵	hours until next feeding	時間後にまたあげられる	시간 후에 다시 줄 수 있어요	小时后可以再喂	ម៉ោងទៀតអាចចិញ្ចឹមម្ដងទៀត	နာရီကြာရင် ထပ်ကျွေးနိုင်	цагийн дараа дахин хооллоно	घण्टापछि फेरि खुवाउन मिल्छ	घंटे बाद फिर खिला सकते हैं	ชั่วโมงจึงให้ได้อีก	giờ nữa mới cho ăn được	jam lagi bisa diberi makan	jam lagi boleh beri makan	oras bago makapagpakain ulit	saat sonra tekrar beslenebilir	год. до наступного годування	ч. до следующего кормления	godz. do następnego karmienia	uur tot de volgende keer	Std. bis zum nächsten Füttern	horas para volver a alimentar	h avant le prochain repas	ore al prossimo pasto	horas para alimentar de novo
小時後可餵	h to feed	時間後に餌	시간 후 먹이	小时后可喂	ម៉ោងទៀតចម្អិន	နာရီအကြာ	цагийн дараа	घण्टा पछि	घंटे बाद खिलाएं	ชม.ให้อาหาร	giờ để cho ăn	jam beri makan	jam beri makan	oras pakainin	saat sonra besle	год до годівлі	ч до корма	godz. do karm.	u tot voeren	Std bis Futter	h p/ dar	h avant repas	h al pasto	h p/ alimentar
小東西都收齊了，這次帶果實回來	You've collected every little gift — this time it brought berries	おみやげは全部そろったから、今回は木の実を持ってきた	작은 선물을 다 모았어요, 이번엔 열매를 가져왔어요	小东西都收齐了，这次带果实回来	អំណោយតូចៗប្រមូលបានគ្រប់ហើយ លើកនេះយកផ្លែឈើមកវិញ	လက်ဆောင်လေးတွေ စုံသွားပြီ၊ ဒီတစ်ခါ သီးလေးတွေ ယူလာတယ်	Бүх бэлгийг цуглуулсан тул энэ удаа жимс авчирлаа	सबै उपहार जम्मा भइसके, यसपटक फल ल्यायो	सारे तोहफ़े जमा हो गए, इस बार बेरी लाया	ของเล็กๆ ครบแล้ว รอบนี้เลยเอาผลไม้กลับมา	Đã sưu tập đủ quà nhỏ, lần này mang quả mọng về	Semua hadiah kecil terkumpul, kali ini ia membawa buah beri	Semua hadiah kecil sudah dikumpul, kali ini bawa beri	Kumpleto na ang lahat ng regalo, berries ang dala ngayon	Tüm küçük hediyeleri topladın, bu kez meyve getirdi	Усі подарунки зібрано — цього разу ягоди	Все подарочки собраны — на этот раз ягоды	Masz już wszystkie prezenty, tym razem przyniósł jagody	Alle cadeautjes verzameld, deze keer bracht hij bessen mee	Alle kleinen Geschenke gesammelt – diesmal gab es Beeren	Ya tienes todos los regalitos, esta vez trajo bayas	Tu as tous les petits cadeaux, cette fois il a rapporté des baies	Hai tutti i regalini, stavolta ha portato bacche	Você já tem todos os presentinhos, desta vez trouxe frutinhas
小水晶	Little crystal	小さな水晶	작은 수정	小水晶	គ្រីស្តាល់តូច	ကျောက်သလင်းလေး	Жижиг болор	सानो स्फटिक	छोटा क्रिस्टल	คริสตัลเล็กๆ	Viên pha lê nhỏ	Kristal kecil	Kristal kecil	Maliit na kristal	Küçük kristal	Кристалик	Кристаллик	Mały kryształ	Kristalletje	Kleiner Kristall	Cristalito	Petit cristal	Cristallino	Cristalzinho
小營火	Little campfire	小さなたき火	작은 모닥불	小营火	ភ្លើងជំរុំតូច	မီးပုံလေး	Жижиг гал	सानो आगो	छोटा अलाव	กองไฟเล็ก	Lửa trại nhỏ	Api unggun kecil	Unggun api kecil	Maliit na siga	Küçük kamp ateşi	Багаттячко	Костерок	Małe ognisko	Kampvuurtje	Kleines Lagerfeuer	Fogata	Petit feu de camp	Falò	Fogueirinha
小路標	Little signpost	小さな道しるべ	작은 이정표	小路标	ផ្លាកសញ្ញាតូច	လမ်းညွှန်ဆိုင်းဘုတ်လေး	Жижиг заалт	सानो दिशासूचक	छोटा दिशा-सूचक	ป้ายบอกทางเล็ก	Biển chỉ đường nhỏ	Papan petunjuk kecil	Papan tanda kecil	Maliit na karatula	Küçük tabela	Покажчик	Указатель	Mały drogowskaz	Wegwijzertje	Kleiner Wegweiser	Señal de sendero	Petit panneau	Cartello	Plaquinha
尚未下載任何離線地圖	No offline maps yet	オフラインマップはまだありません	아직 오프라인 지도가 없습니다.	尚未下载任何离线地图	មិនមានផែនទីក្រៅបណ្តាញនៅឡើយទេ	အော့ဖ်လိုင်းမြေပုံများ မရှိသေးပါ။	Одоогоор офлайн газрын зураг байхгүй байна	अहिलेसम्म अफलाइन नक्साहरू छैनन्	अभी तक कोई ऑफ़लाइन मानचित्र नहीं है	ยังไม่มีแผนที่ออฟไลน์	Chưa có bản đồ ngoại tuyến	Belum ada peta offline	Belum ada peta luar talian	Wala pang mga offline na mapa	Henüz çevrimdışı harita yok	Офлайн-карт ще немає	Офлайн-карт пока нет	Nie ma jeszcze map offline	Nog geen offline kaarten	Noch keine Offline-Karten	Aún no hay mapas sin conexión	Pas encore de cartes hors ligne	Nessuna mappa offline ancora	Ainda não há mapas off-line
尚無行程可下載	No trips to export	輸出のための出張は不要	수출할 여행이 없습니다.	尚无行程可下载	គ្មានការធ្វើដំណើរដើម្បីនាំចេញទេ។	တင်ပို့ရန် ခရီးစဉ်များ မရှိပါ။	Экспорт хийх аялал байхгүй	निर्यात गर्न कुनै यात्रा छैन	निर्यात के लिए कोई यात्रा नहीं	ไม่มีการเดินทางไปส่งออก	Không có chuyến đi xuất khẩu	Tidak ada perjalanan untuk diekspor	Tiada perjalanan untuk mengeksport	Walang mga biyaheng i-export	İhracata sefer yok	Без поїздок на експорт	Никаких поездок на экспорт	Żadnych wyjazdów na eksport	Geen ritten om te exporteren	Keine Exportfahrten	Sin viajes para exportar	Pas de déplacements pour exporter	Nessun viaggio per esportare	Sem viagens para exportar
就進化	to evolve	で進化	더 걸으면 진화	就进化	ទៀតដើម្បីវិវត្ត	ဆိုရင် ဆင့်ကဲမယ်	дараа хувьсана	मा विकास	में विकास	จะวิวัฒนาการ	là tiến hoá	lagi untuk berevolusi	lagi untuk berevolusi	para mag-evolve	sonra evrim	до еволюції	до эволюции	do ewolucji	tot evolutie	bis zur Entwicklung	para evolucionar	avant d'évoluer	per evolversi	para evoluir
山櫻花瓣	Mountain cherry petal	ヤマザクラの花びら	산벚꽃 꽃잎	山樱花瓣	ផ្កាសាគូរ៉ាភ្នំ	တောင်ချယ်ရီပွင့်ဖတ်	Уулын интоорын дэлбээ	पहाडी चेरीको पत्र	पहाड़ी चेरी की पंखुड़ी	กลีบซากุระภูเขา	Cánh hoa anh đào núi	Kelopak sakura gunung	Kelopak sakura gunung	Talulot ng seresa	Dağ kirazı yaprağı	Пелюстка гірської вишні	Лепесток горной вишни	Płatek wiśni	Bergkersenbloemblad	Bergkirschblüte	Pétalo de cerezo	Pétale de cerisier	Petalo di ciliegio	Pétala de cerejeira
已下載全部行程路線檔	All GPX downloaded	すべての GPX がダウンロードされました	모든 GPX가 다운로드됨	已下载全部行程路线档	GPX ទាំងអស់ត្រូវបានទាញយក	GPX အားလုံးကို ဒေါင်းလုဒ်လုပ်ထားသည်။	Бүх GPX татаж авсан	सबै GPX डाउनलोड गरियो	सभी जीपीएक्स डाउनलोड हो गए	ดาวน์โหลด GPX ทั้งหมดแล้ว	Tất cả GPX được tải xuống	Semua GPX diunduh	Semua GPX dimuat turun	Na-download ang lahat ng GPX	Tüm GPX indirildi	Усі GPX завантажено	Все GPX скачаны	Wszystkie pobrane GPX	Alle GPX gedownload	Alle GPX heruntergeladen	Todos los GPX descargados	Tous les GPX téléchargés	Tutti i GPX scaricati	Todos os GPX baixados
已下載的離線地圖	Downloaded offline maps	ダウンロード済みの地図	받아 둔 오프라인 지도	已下载的离线地图	ផែនទីក្រៅបណ្តាញដែលបានទាញយក	ဒေါင်းထားတဲ့ မြေပုံ	Татсан офлайн газрын зураг	डाउनलोड गरिएका नक्सा	डाउनलोड किए ऑफ़लाइन मैप	แผนที่ออฟไลน์ที่โหลดไว้	Bản đồ đã tải	Peta offline terunduh	Peta luar talian dimuat turun	Na-download na offline map	İndirilen çevrimdışı haritalar	Завантажені офлайн-карти	Скачанные офлайн-карты	Pobrane mapy offline	Gedownloade offline kaarten	Heruntergeladene Offline-Karten	Mapas sin conexión descargados	Cartes hors ligne téléchargées	Mappe offline scaricate	Mapas offline baixados
已備份到雲端	Backed up to the cloud	クラウドにバックアップしました	클라우드에 백업했어요	已备份到云端	បានបម្រុងទុកទៅពពក	Cloud ထဲ backup လုပ်ပြီး	Үүлэнд нөөцөллөө	क्लाउडमा ब्याकअप भयो	क्लाउड पर बैकअप हुआ	สำรองขึ้นคลาวด์แล้ว	Đã sao lưu lên đám mây	Dicadangkan ke cloud	Disandarkan ke awan	Naka-back up sa cloud	Buluta yedeklendi	Збережено в хмарі	Сохранено в облаке	Zapisano w chmurze	Back-up in de cloud gemaakt	In der Cloud gesichert	Copia en la nube lista	Sauvegardé dans le cloud	Backup nel cloud fatto	Backup na nuvem feito
已匯出備份檔，請妥善保存	Backup exported — keep it somewhere safe	バックアップを書き出しました。大切に保管してください	백업 파일을 내보냈어요 — 잘 보관하세요	已汇出备份档，请妥善保存	បាននាំចេញការបម្រុងទុក — រក្សាទុកឲ្យល្អ	Backup ထုတ်ပြီး — သေချာသိမ်းထားပါ	Нөөцийг экспортлолоо — сайн хадгалаарай	ब्याकअप निकालियो — सुरक्षित राख्नुहोस्	बैकअप निकाल लिया — सुरक्षित रखें	ส่งออกข้อมูลสำรองแล้ว — เก็บไว้ให้ดี	Đã xuất bản sao lưu — hãy cất giữ cẩn thận	Cadangan diekspor — simpan baik-baik	Sandaran dieksport — simpan baik-baik	Na-export ang backup — itago nang maayos	Yedek dışa aktarıldı — güvenli bir yerde sakla	Копію експортовано — збережіть її	Копия экспортирована — сохраните её	Kopia wyeksportowana — przechowuj ją bezpiecznie	Back-up geëxporteerd — bewaar hem goed	Sicherung exportiert – gut aufbewahren	Copia exportada: guárdala en un lugar seguro	Sauvegarde exportée — garde-la en lieu sûr	Backup esportato: conservalo con cura	Backup exportado — guarde em local seguro
已存成圖片	Image saved	画像を保存しました	이미지가 저장되었습니다	已存成图片	រូបភាពត្រូវបានរក្សាទុក	ပုံကို သိမ်းထားသည်။	Зургийг хадгалсан	छवि सुरक्षित गरियो	छवि सहेजी गई	บันทึกรูปภาพแล้ว	Đã lưu hình ảnh	Gambar disimpan	Imej disimpan	Na-save ang larawan	Resim kaydedildi	Зображення збережено	Изображение сохранено.	Obraz został zapisany	Afbeelding opgeslagen	Bild gespeichert	Imagen guardada	Image enregistrée	Immagine salvata	Imagem salva
已收集 {n}/{m}	Collected {n}/{m}	{n}/{m} 集めた	{n}/{m} 모음	已收集 {n}/{m}	ប្រមូលបាន {n}/{m}	{n}/{m} စုပြီး	{n}/{m} цуглуулсан	{n}/{m} जम्मा	{n}/{m} जमा	สะสมแล้ว {n}/{m}	Đã có {n}/{m}	Terkumpul {n}/{m}	Terkumpul {n}/{m}	Nakolekta {n}/{m}	Toplanan {n}/{m}	Зібрано {n}/{m}	Собрано {n}/{m}	Zebrane {n}/{m}	Verzameld {n}/{m}	Gesammelt {n}/{m}	Reunidos {n}/{m}	Collectés {n}/{m}	Raccolti {n}/{m}	Coletados {n}/{m}
已清除離線地圖	Offline maps cleared	オフラインマップをクリアしました	오프라인 지도가 삭제되었습니다.	已清除离线地图	ផែនទីក្រៅបណ្តាញត្រូវបានសម្អាត	အော့ဖ်လိုင်းမြေပုံများကို ရှင်းလင်းထားသည်။	Офлайн газрын зургийг арилгасан	अफलाइन नक्सा खाली गरियो	ऑफ़लाइन मानचित्र साफ़ कर दिए गए	ล้างแผนที่ออฟไลน์แล้ว	Đã xóa bản đồ ngoại tuyến	Peta offline dihapus	Peta luar talian dikosongkan	Na-clear ang mga offline na mapa	Çevrimdışı haritalar temizlendi	Офлайн-карти очищено	Офлайн-карты удалены.	Mapy offline zostały usunięte	Offline kaarten gewist	Offline-Karten gelöscht	Mapas sin conexión borrados	Cartes hors ligne effacées	Mappe offline cancellate	Mapas off-line apagados
已經寫進夥伴日記	Added to the buddy diary	相棒日記に書いたよ	친구 일기에 적었어요	已经写进伙伴日记	បានកត់ត្រាក្នុងកំណត់ហេតុដៃគូ	အဖော်ဒိုင်ယာရီထဲ ရေးထားပြီ	Нөхрийн өдрийн тэмдэглэлд бичлээ	साथीको डायरीमा लेखियो	साथी की डायरी में लिख दिया	เขียนลงสมุดบันทึกเพื่อนแล้ว	Đã ghi vào nhật ký bạn đồng hành	Sudah dicatat di buku harian teman	Sudah dicatat dalam diari rakan	Naitala na sa diary ng kasama	Arkadaş günlüğüne yazıldı	Записано в щоденник друга	Записано в дневник спутника	Zapisano w dzienniku towarzysza	Opgeschreven in het maatjesdagboek	Im Begleiter-Tagebuch notiert	Anotado en el diario del compañero	Noté dans le journal du compagnon	Annotato nel diario del compagno	Anotado no diário do companheiro
已經是最終型態了	Fully evolved	最終形態になった	최종 형태예요	已经是最终形态了	ដល់ទម្រង់ចុងក្រោយ	နောက်ဆုံးပုံစံ ရောက်ပြီ	Эцсийн хэлбэр	अन्तिम रूप	अंतिम रूप में	ร่างสุดท้ายแล้ว	Đã tiến hoá cuối	Sudah wujud akhir	Sudah bentuk akhir	Huling anyo na	Son form	Фінальна форма	Финальная форма	Ostateczna forma	Volledig geëvolueerd	Endstufe erreicht	Forma final alcanzada	Forme finale atteinte	Forma finale raggiunta	Forma final
已經是最終型態了，接下來就一起走吧	Fully evolved — let's keep walking together	もう最終形態。これからも一緒に歩こう	최종 형태예요 — 앞으로도 함께 걸어요	已经是最终型态了，接下来就一起走吧	ដល់ទម្រង់ចុងក្រោយហើយ — តោះដើរជាមួយគ្នាបន្ត	နောက်ဆုံးပုံစံ ရောက်ပြီ — အတူဆက်လျှောက်ကြစို့	Эцсийн хэлбэрт хүрлээ — цаашид хамт алхъя	अन्तिम रूप पुग्यो — सँगै हिँडिरहौं	अंतिम रूप मिल गया — चलो साथ चलते रहें	ร่างสุดท้ายแล้ว — เดินไปด้วยกันต่อนะ	Đã đến dạng cuối — cùng đi tiếp nhé	Sudah bentuk akhir — ayo terus jalan bersama	Sudah bentuk akhir — jom terus berjalan bersama	Huling anyo na — tuloy tayong maglakad nang magkasama	Son forma ulaştı — birlikte yürümeye devam	Остаточна форма — крокуймо далі разом	Финальная форма — гуляем дальше вместе	Ostateczna forma — chodźmy dalej razem	Volledig geëvolueerd — samen verder wandelen	Voll entwickelt – lass uns zusammen weitergehen	Ya es su forma final; sigamos caminando juntos	Forme finale atteinte — continuons ensemble	Forma finale raggiunta — continuiamo insieme	Forma final — vamos continuar caminhando juntos
帶回來一個	Brought back a	持ち帰った：	가져온 것:	带回来一个	យកមកវិញ៖	ယူလာတာ:	Авчирсан нь:	ल्यायो:	लाया:	เอากลับมา:	Mang về	Membawa pulang	Membawa balik	Nag-uwi ng	Getirdi:	Приніс:	Принёс:	Przyniósł:	Bracht mee:	Hat mitgebracht:	Trajo	A rapporté	Ha riportato	Trouxe
幫你的山林夥伴取個名字	Name your trail buddy	トレイル仲間に名前を付けます	트레일 친구 이름을 지정하세요	帮你的山林伙伴取个名字	ដាក់ឈ្មោះមិត្តរួមដំណើររបស់អ្នក។	သင်၏လမ်းစဉ်သူငယ်ချင်းကို အမည်ပေးပါ။	Замын найзаа нэрлэ	आफ्नो ट्रेल साथीको नाम दिनुहोस्	अपने पथ-प्रदर्शक मित्र का नाम बताएं	ตั้งชื่อเพื่อนเทรลของคุณ	Đặt tên cho con đường của bạn	Beri nama teman jejak Anda	Namakan rakan jejak anda	Pangalanan ang iyong trail buddy	Yol arkadaşınıza isim verin	Назвіть свого друга по трасі	Назови своего приятеля	Nazwij swojego kumpla ze szlaku	Noem je trailmaatje	Nennen Sie Ihren Wanderfreund	Nombra a tu compañero de ruta	Nommez votre compagnon de randonnée	Dai un nome al tuo compagno di percorso	Dê um nome ao seu companheiro de trilha
幫夥伴拍張照	Take a photo of your buddy	相棒の写真を撮ろう	친구 사진 찍기	帮伙伴拍张照	ថតរូបដៃគូ	အဖော်ကို ဓာတ်ပုံရိုက်ပါ	Нөхрийнхөө зургийг ав	साथीको फोटो खिच्नुहोस्	साथी की फ़ोटो लें	ถ่ายรูปเพื่อน	Chụp ảnh bạn đồng hành	Foto temanmu	Ambil gambar rakan anda	Kunan ng litrato ang kasama	Arkadaşının fotoğrafını çek	Сфотографуй друга	Сфотографируй спутника	Zrób zdjęcie towarzyszowi	Maak een foto van je maatje	Mach ein Foto von deinem Begleiter	Hazle una foto a tu compañero	Prends ton compagnon en photo	Scatta una foto al tuo compagno	Tire uma foto do seu companheiro
幫夥伴裝扮	Dress up your buddy	相棒を着せ替え	친구 꾸미기	给伙伴装扮	តុបតែងដៃគូ	သင့်ဖော်ကို ဝတ်ဆင်ပါ	Хамтрагчаа гоё	आफ्नो साथीलाई सजाउनुहोस्	अपने साथी को सजाएं	แต่งตัวให้เพื่อน	Trang phục cho bạn đồng hành	Dandani temanmu	Hias rakan anda	Bihisan ang kaibigan mo	Dostunu giydir	Одягни супутника	Наряди питомца	Ubierz towarzysza	Kleed je maatje aan	Zieh deinen Begleiter an	Viste a tu compañero	Habille ton compagnon	Vesti il tuo compagno	Vista seu parceiro
張圖磚	tiles	タイル	타일	张图块	ក្រឡា	အကွက်	хавтан	टाइल	टाइल	ไทล์	ô bản đồ	ubin	jubin	tile	karo	тайлів	тайлов	kafelków	tegels	Kacheln	teselas	tuiles	tile	blocos
往上爬	Climb	登る	오르기	往上爬	ឡើង	တက်	Өгс	उकालो	ऊपर चढ़ें	ปีนขึ้น	Leo lên	Mendaki	Mendaki	Umakyat ng	Tırman	Піднімися на	Поднимись на	Wespnij się	Klim	Aufsteigen	Sube	Grimpe	Sali	Suba
從雲端還原好了	Restored from cloud	クラウドから復元	클라우드에서 복원됨	已从云端还原	បានស្ដារឡើងវិញពីពពក	cloud မှ ပြန်လည်ရယူသည်။	Үүлнээс сэргээсэн	क्लाउडबाट पुनर्स्थापित	बादल से पुनर्स्थापित किया गया	กู้คืนจากคลาวด์	Được khôi phục từ đám mây	Dipulihkan dari cloud	Dipulihkan daripada awan	Na-restore mula sa cloud	Buluttan geri yüklendi	Відновлено з хмари	Восстановлено из облака	Przywrócono z chmury	Hersteld vanuit de cloud	Aus der Cloud wiederhergestellt	Restaurado desde la nube	Restauré à partir du cloud	Ripristinato dal cloud	Restaurado da nuvem
循徑拾光 · Gather the Trail	Gather the Trail	軌跡を集める	흔적을 모아라	循径拾光 · Gather the Trail	ប្រមូលផ្តុំផ្លូវលំ	လမ်းကြမ်းကို စုဆောင်းပါ။	Замыг цуглуул	ट्रेल जम्मा गर्नुहोस्	निशान इकट्ठा करो	รวบรวมเส้นทาง	Thu thập đường mòn	Kumpulkan Jejaknya	Kumpulkan Jejak	Ipunin ang Trail	Yolu Topla	Зберіть слід	Собрать след	Zbierz szlak	Verzamel het spoor	Sammeln Sie die Spur	Recoge el rastro	Rassemblez le sentier	Raccogli il sentiero	Reúna a trilha
成長里程	growth km	成長キロ	성장km	成长里程	គ.ម	တိုးတက်မှု ကီလိုမီတာ	өсөлт км	वृद्धि किमी	विकास किमी	การเจริญเติบโต กม	km tăng trưởng	km pertumbuhan	pertumbuhan km	paglaki km	büyüme km	зростання км	рост км	wzrost km	groei km	Wachstum km	crecimiento km	km de croissance	crescita km	crescimento km
我一步可以量 3 公分喔	Each of my steps measures 3 cm	ぼくの一歩は 3 センチ	내 한 걸음은 3cm야	我一步可以量 3 公分哦	មួយជំហានខ្ញុំវាស់បាន 3 ស.ម	ငါ့ခြေလှမ်းတစ်လှမ်း ၃ စင်တီမီတာ	Миний нэг алхам 3 см	मेरो एक पाइला ३ सेमी	मेरा हर कदम 3 सेमी नापता है	ก้าวหนึ่งของฉันวัดได้ 3 ซม.	Mỗi bước của mình đo được 3 cm	Satu langkahku 3 cm	Satu langkah saya 3 cm	3 cm ang bawat hakbang ko	Her adımım 3 cm	Кожен мій крок — 3 см	Каждый мой шаг — 3 см	Każdy mój krok mierzy 3 cm	Elke stap van mij is 3 cm	Mit jedem Schritt messe ich 3 cm	Cada paso mío mide 3 cm	Chacun de mes pas mesure 3 cm	Ogni mio passo misura 3 cm	Cada passo meu mede 3 cm
我們好厲害	we're amazing	すごいね、わたしたち	우리 정말 대단해	我们好厉害	យើងពូកែណាស់	ငါတို့ တော်လိုက်တာ	бид гайхалтай	हामी कति गजब	हम कमाल हैं	เราเก่งมาก	tụi mình giỏi ghê	kita hebat	kita hebat	ang galing natin	harikayız	ми молодці	мы молодцы	jesteśmy super	we zijn geweldig	wir sind super	somos geniales	on est trop forts	siamo bravissimi	somos demais
我們相遇了	We met	出会った日	우리가 만났어요	我们相遇了	យើងបានជួបគ្នា	ကျွန်ုပ်တို့ တွေ့ဆုံခဲ့ကြတယ်	Бид уулзсан	हामी भेट्यौं	हमारी मुलाकात हुई	เราได้พบกัน	Chúng ta gặp nhau	Kita bertemu	Kita bertemu	Nagkakilala tayo	Tanıştık	Ми зустрілися	Мы встретились	Poznaliśmy się	We ontmoetten elkaar	Wir haben uns getroffen	Nos conocimos	Notre rencontre	Ci siamo incontrati	Nos conhecemos
我噴出火了嗎？沒有？	Did I breathe fire? No?	火、出た？出てない？	나 불 뿜었어? 아니야?	我喷出火了吗？没有？	ខ្ញុំផ្លុំភ្លើងចេញហើយឬ? អត់?	မီးမှုတ်လိုက်ပြီလား? မထွက်ဘူးလား?	Би гал үлээв үү? Үгүй юу?	मैले आगो फुकें? छैन?	क्या मैंने आग उगली? नहीं?	ฉันพ่นไฟได้หรือยัง? ยังเหรอ?	Mình phun lửa được chưa? Chưa à?	Apa aku menyembur api? Belum?	Saya sembur api? Tak ada?	Nakabuga ba ako ng apoy? Hindi?	Ateş püskürttüm mü? Hayır mı?	Я видихнув вогонь? Ні?	Я выдохнул огонь? Нет?	Ziałem ogniem? Nie?	Spuwde ik vuur? Nee?	Hab ich Feuer gespuckt? Nein?	¿Escupí fuego? ¿No?	J'ai craché du feu ? Non ?	Ho sputato fuoco? No?	Eu cuspi fogo? Não?
我會保護你的	I'll protect you	ぼくが守ってあげる	내가 지켜줄게	我会保护你的	ខ្ញុំនឹងការពារអ្នក	ငါ ကာကွယ်ပေးမယ်	Би чамайг хамгаална	म तिमीलाई जोगाउँछु	मैं तुम्हारी रक्षा करूँगा	ฉันจะปกป้องเธอเอง	Mình sẽ bảo vệ bạn	Aku akan melindungimu	Saya akan lindungi awak	Poprotektahan kita	Seni koruyacağım	Я тебе захищу	Я тебя защищу	Ochronię cię	Ik bescherm je	Ich beschütze dich	Yo te protegeré	Je te protégerai	Ti proteggerò io	Eu vou te proteger
我聞到前面有松鼠	I smell a squirrel up ahead	前のほうにリスのにおいがする	앞에 다람쥐 냄새가 나	我闻到前面有松鼠	ខ្ញុំធុំក្លិនកំប្រុកនៅខាងមុខ	ရှေ့မှာ ရှဉ့်အနံ့ရတယ်	Урд хэрэм байгаа үнэр гарч байна	अगाडि लोखर्केको गन्ध आयो	आगे गिलहरी की गंध आ रही है	ได้กลิ่นกระรอกข้างหน้า	Mình ngửi thấy có sóc phía trước	Aku mencium ada tupai di depan	Saya terhidu tupai di depan	May naaamoy akong ardilya sa unahan	İleride bir sincap kokusu alıyorum	Чую попереду білку	Чую впереди белку	Czuję wiewiórkę przed nami	Ik ruik een eekhoorn verderop	Ich rieche da vorne ein Eichhörnchen	Huelo una ardilla más adelante	Je sens un écureuil devant	Sento odore di scoiattolo più avanti	Sinto cheiro de esquilo lá na frente
手冊	Buddy book	図鑑	도감	手册	សៀវភៅ	အယ်လ်ဘမ်	Цомог	एल्बम	एल्बम	สมุด	Sổ tay	Album	Album	Album	Albüm	Альбом	Альбом	Album	Album	Album	Álbum	Album	Album	Álbum
打包離線地圖中…	Packing offline maps…	オフライン マップを梱包しています…	오프라인 지도 포장 중…	打包离线地图中…	កំពុងវេចខ្ចប់ផែនទីក្រៅបណ្តាញ...	အော့ဖ်လိုင်းမြေပုံများကို ထုပ်ပိုးနေသည်…	Офлайн газрын зургийг багцалж байна...	अफलाइन नक्साहरू प्याक गर्दै...	ऑफ़लाइन मानचित्र पैक किए जा रहे हैं...	กำลังบรรจุแผนที่ออฟไลน์...	Đóng gói bản đồ ngoại tuyến…	Mengemas peta offline…	Membungkus peta luar talian…	Nag-iimpake ng mga offline na mapa…	Çevrimdışı haritalar paketleniyor…	Пакування офлайн-карт…	Упаковка офлайн-карт…	Pakowanie map offline…	Offline kaarten inpakken…	Offline-Karten packen…	Empaquetando mapas sin conexión...	Emballage de cartes hors ligne…	Imballaggio delle mappe offline…	Empacotando mapas off-line…
找不到符合的行程	No hikes match that	該当する記録なし	맞는 산행이 없어요	找不到符合的行程	រកមិនឃើញ	ကိုက်ညီတာ မရှိ	Тохирох аялал алга	मिल्ने हाइक छैन	कोई मेल खाती हाइक नहीं	ไม่พบทริปที่ตรงกัน	Không có chuyến nào khớp	Tak ada yang cocok	Tiada yang sepadan	Walang tugma	Eşleşen yürüyüş yok	Нічого не знайдено	Ничего не нашлось	Brak pasujących wyjść	Geen tochten gevonden	Keine passende Tour	Ninguna salida coincide	Aucune sortie ne correspond	Nessuna uscita trovata	Nenhuma saída encontrada
抱抱！	Hug!	ぎゅっ！	꼭 안아 줘!	抱抱！	ឱបមួយ!	ဖက်လိုက်ပြီ!	Тэврэлт!	अँगालो!	गले लगाओ!	กอดหน่อย!	Ôm một cái!	Peluk!	Peluk!	Yakap!	Sarıl!	Обійми!	Обнимашки!	Przytulas!	Knuffel!	Umarmung!	¡Abrazo!	Câlin !	Abbraccio!	Abraço!
抱抱！今天的親密增加了	Hug! Today's bond went up	ぎゅっ！今日の親密度が上がった	꼭 안아 줘! 오늘 친밀도가 올랐어요	抱抱！今天的亲密增加了	ឱបមួយ! ចំណងថ្ងៃនេះកើនឡើង	ဖက်လိုက်ပြီ! ဒီနေ့ ခင်မင်မှု တိုးလာပြီ	Тэврэлт! Өнөөдрийн ойр дотно байдал нэмэгдлээ	अँगालो! आज आत्मीयता बढ्यो	गले लगाओ! आज बंधन बढ़ा	กอดหน่อย! ความสนิทวันนี้เพิ่มขึ้นแล้ว	Ôm một cái! Hôm nay thân thiết hơn rồi	Peluk! Kedekatan hari ini bertambah	Peluk! Ikatan hari ini bertambah	Yakap! Tumaas ang ugnayan ngayon	Sarıl! Bugün bağ güçlendi	Обійми! Зв'язок сьогодні зміцнів	Обнимашки! Связь сегодня окрепла	Przytulas! Więź dziś wzrosła	Knuffel! De band is vandaag gegroeid	Umarmung! Die Bindung ist heute gestiegen	¡Abrazo! El vínculo de hoy subió	Câlin ! Le lien a grandi aujourd'hui	Abbraccio! Il legame di oggi è cresciuto	Abraço! O vínculo de hoje aumentou
拍照	Take photo	撮影する	사진 촬영	拍照	ថតរូប	ဓာတ်ပုံရိုက်ရန်	Зураг авах	फोटो खिच्नुहोस्	फ़ोटो लें	ถ่ายรูป	Chụp ảnh	Ambil foto	Ambil foto	Kumuha ng larawan	Fotoğraf çek	Зробити фото	Сделать фото	Zrób zdjęcie	Foto maken	Foto aufnehmen	Tomar foto	Prendre une photo	Scatta foto	Tirar foto
拿到了	Got it	手に入れた	획득	拿到了	ទទួលបានហើយ	ရပြီ	Авлаа	पाइयो	मिल गया	ได้แล้ว	Đã nhận	Didapat	Dapat	Nakuha	Alındı	Отримано	Получено	Zdobyte	Gekregen	Erhalten	Conseguido	Obtenu	Ottenuto	Conseguido
搖一搖手機，牠會頭暈	Shake your phone to make it dizzy	スマホを振るとめまいがするよ	휴대폰을 흔들면 어지러워해요	摇一摇手机，它会头晕	អង្រួនទូរស័ព្ទ វានឹងវិលមុខ	ဖုန်းကိုလှုပ်ရင် မူးသွားမယ်	Утсаа сэгсэрвэл толгой нь эргэнэ	फोन हल्लाउनुहोस्, उसलाई रिँगटा लाग्छ	फ़ोन हिलाएँ, उसे चक्कर आएगा	เขย่าโทรศัพท์ แล้วมันจะเวียนหัว	Lắc điện thoại, bé sẽ chóng mặt	Goyangkan ponsel, ia akan pusing	Goncang telefon, ia akan pening	Alugin ang phone, mahihilo siya	Telefonu salla, başı dönsün	Потруси телефон — у нього запаморочиться голова	Потряси телефон — у него закружится голова	Potrząśnij telefonem, a zakręci mu się w głowie	Schud je telefoon, dan wordt hij duizelig	Schüttle dein Handy, dann wird ihm schwindelig	Agita el móvil y se mareará	Secoue ton téléphone, il aura le tournis	Scuoti il telefono e gli girerà la testa	Agite o celular e ele fica tonto
摸摸	Pet	なでる	쓰다듬기	摸摸	ស្ទាប	ပွတ်	Илэх	सुम्सुम्याउनुहोस्	सहलाएँ	ลูบ	Vuốt ve	Elus	Usap	Hagurin	Sev	Погладити	Погладить	Pogłaszcz	Aaien	Streicheln	Acariciar	Caresser	Accarezza	Fazer carinho
摸摸頭（每天 3 次）	Head pats (3 a day)	なでなで（1 日 3 回）	머리 쓰다듬기 (하루 3번)	摸摸头（每天 3 次）	អង្អែលក្បាល (៣ ដងក្នុងមួយថ្ងៃ)	ခေါင်းပွတ် (တစ်နေ့ ၃ ကြိမ်)	Толгой илэх (өдөрт 3)	टाउको मुसार्नु (दिनको ३ पटक)	सिर सहलाना (दिन में 3 बार)	ลูบหัว (วันละ 3 ครั้ง)	Xoa đầu (3 lần mỗi ngày)	Elus kepala (3 kali sehari)	Usap kepala (3 kali sehari)	Haplos sa ulo (3 beses kada araw)	Baş okşama (günde 3)	Погладити по голові (3 на день)	Погладить по голове (3 в день)	Głaskanie po głowie (3 dziennie)	Aaien (3× per dag)	Kopf streicheln (3× täglich)	Caricias en la cabeza (3 al día)	Caresses sur la tête (3 par jour)	Carezze sulla testa (3 al giorno)	Carinho na cabeça (3 por dia)
收到好友送的果實	Berries from a friend	友だちから木の実が届いた	친구가 보낸 열매	收到好友送的果实	ផ្លែឈើពីមិត្ត	သူငယ်ချင်းဆီက သီးလေးတွေ	Найзаас жимс ирлээ	साथीबाट फल आयो	दोस्त से बेरी मिलीं	ได้ผลไม้จากเพื่อน	Quả mọng từ bạn bè	Buah beri dari teman	Beri daripada rakan	Berries mula sa kaibigan	Arkadaştan meyveler	Ягоди від друга	Ягоды от друга	Jagody od znajomego	Bessen van een vriend	Beeren von einem Freund	Bayas de un amigo	Des baies d'un ami	Bacche da un amico	Frutinhas de um amigo
收合	Collapse	たたむ	무너지다	收合	ដួលរលំ	Collapse	Нурах	Collapse	गिर जाना	ทรุด	Sụp đổ	Runtuh	Runtuh	I-collapse	Yıkılmak	Згорнути	Крах	Zawalić się	Instorten	Zusammenbruch	Contraer	Effondrement	Crollo	Colapso
收在手冊裡了	Saved in the handbook	図鑑にしまったよ	도감에 넣어뒀어요	收在手册里了	រក្សាទុកក្នុងសៀវភៅហើយ	လက်စွဲထဲ သိမ်းထားပြီ	Гарын авлагад хадгаллаа	पुस्तिकामा राखियो	हैंडबुक में रखा गया	เก็บไว้ในสมุดแล้ว	Đã cất vào sổ tay	Disimpan di buku panduan	Disimpan dalam buku panduan	Naitago na sa handbook	El kitabına kaydedildi	Збережено в довіднику	Сохранено в справочнике	Zapisano w poradniku	Bewaard in het handboek	Im Handbuch gespeichert	Guardado en el manual	Rangé dans le carnet	Salvato nel manuale	Guardado no manual
改名	Rename	名前変更	이름 바꾸기	改名	ប្តូរឈ្មោះ	အမည်ပြောင်း	Нэр солих	नाम फेर्नुहोस्	नाम बदलें	เปลี่ยนชื่อ	Đổi tên	Ganti nama	Tukar nama	Palitan ang pangalan	Yeniden adlandır	Перейменувати	Переименовать	Zmień imię	Hernoemen	Umbenennen	Renombrar	Renommer	Rinomina	Renomear
放大地圖	Zoom in	拡大	확대	放大地图	ពង្រីក	ချဲ့	Томруулах	जुम इन	ज़ूम इन	ซูมเข้า	Phóng to	Perbesar	Zum masuk	Mag-zoom in	Yakınlaştır	Наблизити	Приблизить	Przybliż	Inzoomen	Vergrößern	Acercar	Zoomer	Ingrandisci	Aproximar
早上 9 點前出發	Head out before 9 am	朝9時前に出発	아침 9시 전에 출발	早上 9 点前出发	ចេញមុនម៉ោង ៩ ព្រឹក	မနက် ၉ နာရီမတိုင်ခင် ထွက်	9 цагаас өмнө гар	बिहान ९ अघि निस्कनुहोस्	सुबह 9 बजे से पहले निकलें	ออกก่อน 9 โมงเช้า	Xuất phát trước 9 giờ sáng	Berangkat sebelum jam 9	Bertolak sebelum 9 pagi	Umalis bago mag-9 AM	Sabah 9'dan önce çık	Вирушай до 9 ранку	Выйди до 9 утра	Wyrusz przed 9	Vertrek voor 9 uur	Vor 9 Uhr losgehen	Sal antes de las 9	Pars avant 9 h	Parti prima delle 9	Saia antes das 9h
早鳥山友	Early bird	早起き派の山友	아침형 산친구	早鸟山友	អ្នកក្រោកពីព្រឹក	နံနက်စောစော တောင်တက်သမား	Эрт босогч	बिहानको हिँडाइवाला	सुबह-सवेरे वाले	นกตื่นเช้า	Người dậy sớm	Si burung pagi	Si burung awal	Maagang ibon	Erkenci kuş	Рання пташка	Ранняя пташка	Ranny ptaszek	Vroege vogel	Früher Vogel	Madrugador	Lève-tôt	Mattiniero	Madrugador
時段	Time of day	時間帯	시간대	时段	ពេលវេលា	အချိန်	Цаг үе	समय	दिन का समय	ช่วงเวลา	Thời điểm	Waktu	Waktu	Oras ng araw	Gün içi	Час доби	Время суток	Pora dnia	Tijdstip	Tageszeit	Momento del día	Moment de la journée	Momento della giornata	Hora do dia
最後確認：真的全部清掉？雲端備份不會刪，之後登入會再同步回來。	Last check: wipe everything? Your cloud backup stays — sign in again and it syncs back.	最終確認：本当にすべて消しますか？クラウドのバックアップは残り、再ログインすると同期されます。	마지막 확인: 정말 전부 지울까요? 클라우드 백업은 남아 있고, 다시 로그인하면 동기화돼요.	最后确认：真的全部清掉？云端备份不会删，之后登录会再同步回来。	ការបញ្ជាក់ចុងក្រោយ៖ លុបទាំងអស់មែនទេ? ការបម្រុងទុកពពកនៅដដែល — ចូលម្ដងទៀតវានឹងមកវិញ។	နောက်ဆုံးအတည်ပြု: အားလုံးဖျက်မှာလား? cloud backup ကျန်နေမည် — ပြန် login ဝင်ရင် ပြန်ရောက်မည်။	Сүүлийн шалгалт: бүгдийг устгах уу? Үүлэн нөөц хэвээр — дахин нэвтрэхэд буцаж ирнэ.	अन्तिम पटक: सबै मेटाउने? क्लाउड ब्याकअप रहन्छ — फेरि लगइन गर्दा फर्किन्छ।	आखिरी बार: सब मिटा दें? क्लाउड बैकअप रहेगा — दोबारा लॉगिन करने पर वापस आ जाएगा।	ยืนยันครั้งสุดท้าย: ลบทั้งหมดจริงไหม? ข้อมูลสำรองบนคลาวด์ยังอยู่ ล็อกอินใหม่แล้วจะซิงก์กลับมา	Xác nhận lần cuối: xóa hết? Bản sao lưu đám mây vẫn còn — đăng nhập lại sẽ đồng bộ về.	Konfirmasi terakhir: hapus semua? Cadangan cloud tetap ada — masuk lagi dan akan tersinkron kembali.	Semakan akhir: padam semua? Sandaran awan kekal — log masuk semula dan ia akan disegerakkan.	Huling tanong: burahin lahat? Mananatili ang cloud backup — mag-sign in ulit at babalik ito.	Son kontrol: her şey silinsin mi? Bulut yedeğin kalır — tekrar giriş yapınca geri gelir.	Останнє питання: стерти все? Хмарна копія лишиться — після входу все повернеться.	Последний вопрос: стереть всё? Облачная копия останется — после входа всё вернётся.	Ostatnie pytanie: wyczyścić wszystko? Kopia w chmurze zostaje — po zalogowaniu wszystko wróci.	Laatste check: alles wissen? Je cloudback-up blijft — log opnieuw in en alles komt terug.	Letzte Frage: wirklich alles löschen? Die Cloud-Sicherung bleibt – nach dem Anmelden kommt alles zurück.	Última comprobación: ¿borrarlo todo? La copia en la nube se queda; al volver a entrar se sincroniza.	Dernière vérification : tout effacer ? La sauvegarde cloud reste — reconnecte-toi et tout revient.	Ultima conferma: cancellare tutto? Il backup cloud resta: rientrando torna tutto.	Última checagem: apagar tudo? O backup na nuvem fica — entre de novo e tudo volta.
最長單次	Longest	最長	최장	最长单次	វែងបំផុត	အရှည်ဆုံး	Хамгийн урт	सबैभन्दा लामो	सबसे लंबी	ไกลสุด	Dài nhất	Terpanjang	Terpanjang	Pinakamahaba	En uzun	Найдовша	Длиннейшая	Najdłuższa	Langste	Längste	Más larga	La plus longue	Più lunga	Mais longa
會刪掉這台手機上的行程、夥伴、成就、設定，並登出這台手機。建議先按「匯出備份檔」。	This deletes the hikes, buddy, achievements and settings on this phone and signs it out. Export a backup first if you might want them back.	この端末の記録・相棒・実績・設定を削除し、ログアウトします。必要なら先にバックアップを書き出してください。	이 휴대폰의 기록·친구·업적·설정을 지우고 로그아웃해요. 필요하면 먼저 백업 파일을 내보내세요.	会删掉这台手机上的行程、伙伴、成就、设定，并登出这台手机。建议先按「汇出备份档」。	នឹងលុបការដើរ ដៃគូ សមិទ្ធិផល និងការកំណត់លើទូរស័ព្ទនេះ ហើយចាកចេញ។ គួរនាំចេញការបម្រុងទុកជាមុន។	ဒီဖုန်းထဲက မှတ်တမ်း၊ အဖော်၊ အောင်မြင်မှု၊ ဆက်တင်တွေ ဖျက်ပြီး logout လုပ်မည်။ လိုရင် backup အရင်ထုတ်ပါ။	Энэ утасны аялал, найз, амжилт, тохиргоог устгаад гарна. Хэрэгтэй бол эхлээд нөөц экспортлоорой.	यो फोनका हाइक, साथी, उपलब्धि र सेटिङ मेटिन्छ र लगआउट हुन्छ। चाहिए भने पहिले ब्याकअप निकाल्नुहोस्।	इस फ़ोन से हाइक, साथी, उपलब्धियाँ और सेटिंग मिटेंगी और लॉग आउट होगा। ज़रूरत हो तो पहले बैकअप निकालें।	จะลบบันทึก เพื่อนร่วมทาง ความสำเร็จ และการตั้งค่าในเครื่องนี้ และออกจากระบบ ส่งออกข้อมูลสำรองก่อนถ้าต้องการ	Sẽ xóa các chuyến, bạn đồng hành, thành tích và cài đặt trên máy này và đăng xuất. Hãy xuất bản sao lưu trước nếu cần.	Menghapus catatan, teman, pencapaian, dan pengaturan di ponsel ini, lalu keluar akun. Ekspor cadangan dulu bila perlu.	Memadam rekod, teman, pencapaian dan tetapan dalam telefon ini serta log keluar. Eksport sandaran dahulu jika perlu.	Buburahin ang mga lakad, buddy, achievement at setting sa phone na ito at magsa-sign out. Mag-export muna ng backup kung kailangan.	Bu telefondaki yürüyüşler, dost, başarılar ve ayarlar silinir, oturum kapanır. Gerekirse önce yedek dışa aktar.	Видалить походи, друга, досягнення й налаштування на телефоні та вийде з акаунта. За потреби спершу експортуйте копію.	Удалит походы, питомца, достижения и настройки на телефоне и выйдет из аккаунта. При необходимости сначала экспортируйте копию.	Usuwa wycieczki, towarzysza, osiągnięcia i ustawienia z telefonu oraz wylogowuje. W razie potrzeby najpierw wyeksportuj kopię.	Wist tochten, maatje, prestaties en instellingen op deze telefoon en logt uit. Exporteer eerst een back-up als je ze wilt houden.	Löscht Touren, Begleiter, Erfolge und Einstellungen auf diesem Handy und meldet es ab. Vorher am besten eine Sicherung exportieren.	Borra las salidas, el compañero, los logros y los ajustes de este teléfono y cierra la sesión. Exporta una copia antes si quieres conservarlos.	Supprime les sorties, le compagnon, les succès et les réglages de ce téléphone et le déconnecte. Exporte d'abord une sauvegarde au besoin.	Elimina uscite, compagno, traguardi e impostazioni di questo telefono e lo disconnette. Esporta prima un backup se ti servono.	Apaga trilhas, parceiro, conquistas e ajustes deste celular e sai da conta. Exporte um backup antes, se quiser.
月份	Month	月	월	月份	ខែ	လ	Сар	महिना	महीना	เดือน	Tháng	Bulan	Bulan	Buwan	Ay	Місяць	Месяц	Miesiąc	Maand	Monat	Mes	Mois	Mese	Mês
有點想念樹林的味道…	I kind of miss the smell of the forest…	森の匂いがちょっと恋しい…	숲 냄새가 좀 그리워요…	有点想念树林的味道…	នឹកក្លិនព្រៃបន្តិច…	တောနံ့ကို နည်းနည်း လွမ်းတယ်…	Ойн үнэр жаахан санагдаж байна…	जङ्गलको बास्ना अलि सम्झिएँ…	जंगल की खुशबू याद आ रही है…	คิดถึงกลิ่นป่านิดหน่อย…	Hơi nhớ mùi rừng…	Agak kangen bau hutan…	Rindu bau hutan…	Medyo miss ko ang amoy ng gubat…	Ormanın kokusunu biraz özledim…	Трохи сумую за запахом лісу…	Немного скучаю по запаху леса…	Trochę tęsknię za zapachem lasu…	Ik mis de boslucht een beetje…	Ich vermisse den Waldduft ein bisschen…	Extraño un poco el olor del bosque…	L'odeur de la forêt me manque un peu…	Mi manca un po' il profumo del bosco…	Sinto falta do cheiro da floresta…
本月摘要	This month	今月のまとめ	이번 달 요약	本月摘要	ខែនេះ	ဒီလ	Энэ сар	यो महिना	इस महीने	เดือนนี้	Tháng này	Bulan ini	Bulan ini	Ngayong buwan	Bu ay	Цей місяць	Этот месяц	Ten miesiąc	Deze maand	Dieser Monat	Este mes	Ce mois-ci	Questo mese	Este mês
本月次數	Trips	回数	횟수	次数	ដំណើរ	အကြိမ်	Удаа	पटक	यात्राएँ	ครั้ง	Số lần	Perjalanan	Perjalanan	Lakad	Çıkış	Виходи	Выходы	Wyjścia	Tochten	Touren	Salidas	Sorties	Uscite	Saídas
本月里程	Distance	距離	거리	里程	ចម្ងាយ	အကွာအဝေး	Зай	दूरी	दूरी	ระยะ	Quãng đường	Jarak	Jarak	Layo	Mesafe	Дистанція	Дистанция	Dystans	Afstand	Distanz	Distancia	Distance	Distanza	Distância
東部	East	東部	동부	东部	ភាគខាងកើត	အရှေ့ပိုင်း	Зүүн	पूर्व	पूर्व	ภาคตะวันออก	Miền Đông	Timur	Timur	Silangan	Doğu	Схід	Восток	Wschód	Oost	Osten	Este	Est	Est	Leste
松果	Pinecone	松ぼっくり	솔방울	松果	ផ្លែស្រល់	ထင်းရှူးသီး	Нарсны боргоцой	सल्लाको कोन	चीड़ का फल	ลูกสน	Quả thông	Buah pinus	Buah pain	Pinecone	Çam kozalağı	Шишка	Шишка	Szyszka	Dennenappel	Tannenzapfen	Piña	Pomme de pin	Pigna	Pinha
果實不夠，再多走一點就有	Not enough berries — walk more	ベリーが足りない — もっと歩きましょう	베리가 충분하지 않습니다. 더 많은 돈을 벌려면 걸어보세요	果实不足，多走几步	ផ្លែប៊ឺរីមិនគ្រប់គ្រាន់ - ដើរច្រើនទៀត	ဘယ်ရီသီး မလုံလောက်ပါ — နောက်ထပ် လမ်းလျှောက်ပါ	Жимс хангалттай биш - илүү их алхаарай	पर्याप्त जामुन छैन - थप कमाउन हिड्नुहोस्	पर्याप्त जामुन नहीं - अधिक चलें	เบอร์รี่ไม่เพียงพอ — เดินให้มากขึ้น	Không đủ hoa quả - hãy đi bộ để kiếm thêm	Buah beri tidak cukup — berjalanlah untuk mendapatkan lebih banyak	Tidak cukup beri — berjalan kaki untuk mendapatkan lebih banyak	Hindi sapat ang mga berry — lumakad nang higit pa	Yeterli meyve yok; daha fazla kazanmak için yürüyün	Не вистачає ягід — ходи, щоб заробити більше	Не хватает ягод — гуляйте больше	Za mało jagód — więcej spaceruj	Niet genoeg bessen – loop meer	Nicht genug Beeren – mehr laufen	No hay suficientes bayas: camina más	Pas assez de baies – marchez davantage	Non abbastanza bacche: cammina per guadagnare di più	Bagas insuficientes – ande mais
果實還差	Berries needed:	きのみがあと	열매가 부족해요:	果实还差	ខ្វះផ្លែបឺរី	ဘယ်ရီ လိုသေး:	Жимс дутуу:	जामुन चाहिन्छ:	इतने बेर और चाहिए:	เบอร์รีขาดอีก	Còn thiếu quả:	Kurang buah beri:	Beri tidak cukup:	Kulang na berry:	Eksik meyve:	Бракує ягід:	Не хватает ягод:	Brakuje jagód:	Nog bessen nodig:	Noch Beeren nötig:	Te faltan bayas:	Il manque des baies :	Mancano bacche:	Faltam frutinhas:
森林	Forest	森	숲	森林	ព្រៃ	သစ်တော	Ой	वन	जंगल	ป่า	Rừng	Hutan	Hutan	kagubatan	Orman	Ліс	Лес	Las	Woud	Wald	Bosque	Forêt	Foresta	Floresta
楓葉	Maple leaf	もみじ	단풍잎	枫叶	ស្លឹកម៉េភើល	မေပယ်ရွက်	Агч навч	मेपलको पात	मेपल पत्ता	ใบเมเปิล	Lá phong	Daun maple	Daun mapel	Dahon ng maple	Akçaağaç yaprağı	Кленовий лист	Кленовый лист	Liść klonu	Esdoornblad	Ahornblatt	Hoja de arce	Feuille d'érable	Foglia d'acero	Folha de bordo
楓香果	Sweetgum seed ball	フウの実	풍나무 열매	枫香果	Sweetgum seed ball	ဆွိဂမ်သီး	Хуш модны жимс	स्वीटगमको फल	स्वीटगम का फल	ผลสวีทกัม	Quả sau sau	Buah sweetgum	Buah sweetgum	Bunga ng sweetgum	Sığla meyvesi	Плід ліквідамбра	Плод ликвидамбара	Owoc ambrowca	Amberboomvrucht	Amberbaumfrucht	Fruto de liquidámbar	Fruit de copalme	Frutto di liquidambar	Fruto de liquidâmbar
模擬	Simulated	シミュレートされた	시뮬레이션	模拟	ក្លែងធ្វើ	အတုယူသည်။	Загварчилсан	सिमुलेटेड	नकली	จำลอง	mô phỏng	Disimulasikan	Disimulasikan	Ginawa	Simüle edilmiş	Імітація	Имитация	Symulowane	Gesimuleerd	Simuliert	Simulado	Simulé	Simulato	Simulado
橡實	Acorn	どんぐり	도토리	橡子	គ្រាប់អូក	ဝက်သစ်ချသီး	Царсны самар	फलाँटको दाना	बलूत का फल	ลูกโอ๊ก	Hạt sồi	Biji ek	Buah oak	Acorn	Meşe palamudu	Жолудь	Жёлудь	Żołądź	Eikel	Eichel	Bellota	Gland	Ghianda	Bolota
正在忙，等我一下～	Busy right now, just a sec~	いま忙しいの、ちょっと待って～	지금 바빠, 잠깐만~	正在忙，等我一下～	កំពុងរវល់ ចាំបន្តិច~	အခု အလုပ်ရှုပ်နေတယ်၊ ခဏ~	Одоо завгүй байна, түр хүлээ~	अहिले व्यस्त, एकछिन~	अभी व्यस्त हूँ, एक पल~	ยุ่งอยู่ รอแป๊บนะ~	Đang bận, đợi chút nha~	Lagi sibuk, sebentar ya~	Sibuk sekarang, sekejap~	Abala ako, sandali lang~	Şu an meşgulüm, bir saniye~	Зараз зайнятий, секундочку~	Сейчас занят, секундочку~	Jestem zajęty, chwilka~	Even bezig, momentje~	Gerade beschäftigt, kleinen Moment~	Estoy ocupado, un momento~	Je suis occupé, une seconde~	Sono occupato, un attimo~	Estou ocupado, só um instante~
段軌跡	tracks	本の軌跡	개 경로	段轨迹	ផ្លូវ	လမ်းကြောင်း	зам	ट्र्याक	ट्रैक	เส้นทาง	lộ trình	jejak	jejak	track	iz	треків	треков	śladów	tracks	Tracks	recorridos	traces	tracce	trajetos
每天第一次抱抱	First hug of the day	その日はじめてのハグ	하루 첫 포옹	每天第一次抱抱	ការឱបលើកដំបូងប្រចាំថ្ងៃ	နေ့စဉ် ပထမဆုံး ပွေ့ဖက်	Өдрийн анхны тэврэлт	दिनको पहिलो अँगालो	दिन का पहला आलिंगन	กอดครั้งแรกของวัน	Cái ôm đầu tiên trong ngày	Pelukan pertama hari ini	Pelukan pertama hari ini	Unang yakap ng araw	Günün ilk sarılması	Перші обійми за день	Первые обнимашки за день	Pierwszy uścisk dnia	Eerste knuffel van de dag	Erste Umarmung des Tages	Primer abrazo del día	Premier câlin du jour	Primo abbraccio del giorno	Primeiro abraço do dia
每日任務	Daily quests	デイリーミッション	일일 미션	每日任务	ដំណើរស្វែងរកប្រចាំថ្ងៃ	နေ့စဉ်ရှာဖွေမှုများ	Өдөр тутмын даалгавар	दैनिक खोजहरू	दैनिक खोज	ภารกิจรายวัน	Nhiệm vụ hàng ngày	Pencarian harian	Pencarian harian	Pang-araw-araw na pakikipagsapalaran	Günlük görevler	Щоденні квести	Ежедневные квесты	Codzienne questy	Dagelijkse speurtochten	Tagesmissionen	Misiones diarias	Missions du jour	Missioni giornaliere	Missões diárias
每日任務全部完成	Finish all daily quests	デイリー任務をすべて達成	일일 퀘스트 모두 완료	每日任务全部完成	បំពេញបេសកកម្មប្រចាំថ្ងៃទាំងអស់	နေ့စဉ်တာဝန်အားလုံး ပြီးမြောက်	Өдрийн бүх даалгаврыг дуусгах	सबै दैनिक कार्य पूरा	सभी दैनिक कार्य पूरे करें	ทำภารกิจรายวันครบ	Hoàn thành mọi nhiệm vụ ngày	Selesaikan semua misi harian	Siapkan semua misi harian	Tapusin lahat ng pang-araw-araw na misyon	Tüm günlük görevleri bitir	Виконати всі завдання дня	Выполнить все задания дня	Wykonaj wszystkie zadania dnia	Alle dagtaken voltooien	Alle Tagesaufgaben erledigen	Completar todas las misiones diarias	Finir toutes les quêtes du jour	Completa tutte le missioni del giorno	Concluir todas as missões diárias
每月挑戰	Monthly challenge	月間チャレンジ	월간 챌린지	每月挑战	ការប្រកួតប្រចាំខែ	လစဉ် စိန်ခေါ်မှု	Сарын сорилт	मासिक चुनौती	मासिक चुनौती	ภารกิจประจำเดือน	Thử thách hằng tháng	Tantangan bulanan	Cabaran bulanan	Buwanang hamon	Aylık görev	Щомісячний виклик	Ежемесячный вызов	Wyzwanie miesiąca	Maanduitdaging	Monats-Challenge	Reto mensual	Défi du mois	Sfida mensile	Desafio mensal
活力	Energy	元気	기력	活力	ថាមពល	စွမ်းအင်	Эрчим хүч	ऊर्जा	ऊर्जा	พลังงาน	Năng lượng	Energi	Tenaga	Enerhiya	Enerji	Енергія	Энергия	Energia	Energie	Energie	Energía	Énergie	Energia	Energia
活力和親密是什麼？	What are Energy and Bond?	元気となかよし度って？	활력과 친밀도는 뭐예요?	活力和亲密是什么？	ថាមពល និងភាពស្និទ្ធស្នាល ជាអ្វី?	စွမ်းအင်နှင့် ရင်းနှီးမှု ဆိုတာ?	Эрч хүч, дотно гэж юу вэ?	ऊर्जा र आत्मीयता के हो?	ऊर्जा और रिश्ता क्या हैं?	พลังกับความสนิทคืออะไร?	Năng lượng và Thân thiết là gì?	Apa itu Energi dan Ikatan?	Apa itu Tenaga dan Ikatan?	Ano ang Enerhiya at Samahan?	Enerji ve Bağ nedir?	Що таке енергія і близькість?	Что такое энергия и близость?	Czym są Energia i Więź?	Wat zijn Energie en Band?	Was sind Energie und Bindung?	¿Qué son Energía y Vínculo?	Énergie et Lien, c'est quoi ?	Cosa sono Energia e Legame?	O que são Energia e Laço?
活力：出門走路就會補滿，太久沒出門會慢慢掉。	Energy: walking outside fills it up; it slowly drops if you stay in too long.	元気：外を歩くと満タンに。ずっと出かけないと少しずつ減るよ。	활력: 밖을 걸으면 가득 차고, 오래 안 나가면 조금씩 줄어요.	活力：出门走路就会补满，太久没出门会慢慢掉。	ថាមពល៖ ដើរខាងក្រៅនឹងបំពេញ បើមិនចេញយូរ នឹងថយបន្តិចម្ដងៗ។	စွမ်းအင်: အပြင်လမ်းလျှောက်ရင် ပြည့်လာမယ်၊ ကြာကြာမထွက်ရင် တဖြည်းဖြည်းကျမယ်။	Эрч хүч: гадаа алхвал дүүрнэ, удаан гарахгүй бол аажмаар буурна.	ऊर्जा: बाहिर हिँड्दा भरिन्छ; धेरै दिन ननिस्के बिस्तारै घट्छ।	ऊर्जा: बाहर चलने से भरती है; ज़्यादा दिन न निकलें तो धीरे घटती है।	พลัง: ออกไปเดินจะเติมเต็ม ถ้าไม่ออกนานจะค่อยๆ ลด	Năng lượng: ra ngoài đi bộ sẽ đầy lại; lâu không ra ngoài sẽ giảm dần.	Energi: jalan di luar mengisinya; perlahan turun kalau lama tak keluar.	Tenaga: berjalan di luar mengisinya; perlahan turun jika lama tak keluar.	Lakas: napupuno kapag naglakad sa labas; dahan-dahang bumababa kung matagal kang hindi lumalabas.	Enerji: dışarıda yürümek doldurur; uzun süre çıkmazsan yavaşça düşer.	Енергія: прогулянки її поповнюють; якщо довго не виходити, вона повільно падає.	Энергия: прогулки её восполняют; если долго не выходить, она медленно падает.	Energia: spacery ją uzupełniają; powoli spada, gdy długo nie wychodzisz.	Energie: buiten wandelen vult het aan; blijf je lang binnen, dan zakt het langzaam.	Energie: Draußen gehen füllt sie auf; bleibst du lange drinnen, sinkt sie langsam.	Energía: salir a caminar la llena; baja poco a poco si no sales.	Énergie : marcher dehors la remplit ; elle baisse doucement si tu restes à l'intérieur.	Energia: camminare fuori la ricarica; cala piano se resti in casa a lungo.	Energia: caminhar lá fora enche; cai devagar se você ficar muito tempo sem sair.
海景	Ocean view	オーシャンビュー	바다 전망	海景	ទិដ្ឋភាពមហាសមុទ្រ	ပင်လယ်ပြင်မြင်ကွင်း	Далайн үзэмж	महासागर दृश्य	महासागर का दृश्य	วิวมหาสมุทร	Nhìn ra biển	Pemandangan laut	Pemandangan laut	Tanawin ng karagatan	Okyanus manzarası	Вид на океан	Вид на океан	Widok na ocean	Uitzicht op de oceaan	Meerblick	Vista al mar	Vue sur l'océan	Vista sull'oceano	Vista para o mar
清晨型山友	Dawn hiker	夜明け派の山友	새벽형 산친구	清晨型山友	អ្នកឡើងភ្នំពេលព្រលឹម	အရုဏ်ဦး တောင်တက်သမား	Үүрийн уулчин	बिहानीपख हिँड्ने	भोर के हाइकर	นักเดินเขายามรุ่ง	Dân leo núi lúc bình minh	Pendaki subuh	Pendaki subuh	Hiker ng madaling-araw	Şafak yürüyüşçüsü	Зустрічаю світанок	Встречающий рассвет	Wędrowiec świtu	Ochtendwandelaar	Frühaufsteher	Senderista del amanecer	Randonneur de l'aube	Escursionista dell'alba	Trilheiro da madrugada
清除	Clear	消去	지우기	清除	ច្បាស់	ရှင်းပါတယ်။	Тодорхой	खाली गर्नुहोस्	स्पष्ट	ชัดเจน	Thông thoáng	Jernih	Jelas	Maaliwalas	Temizlemek	ясно	Прозрачный	Jasne	Duidelijk	Löschen	Borrar	Effacer	Chiaro	Claro
清除所有下載的離線地圖？之後在山上沒訊號就看不到地圖了。	Clear all downloaded offline maps? Without signal in the mountains you won't see the map.	ダウンロードしたオフライン地図をすべて消しますか？山で電波がないと地図が見られなくなります。	받은 오프라인 지도를 모두 지울까요? 산에서 신호가 없으면 지도가 안 보여요.	清除所有下载的离线地图？之后在山上没讯号就看不到地图了。	លុបផែនទីក្រៅបណ្ដាញទាំងអស់? គ្មានសញ្ញានៅលើភ្នំ អ្នកនឹងមើលផែនទីមិនឃើញ។	ဒေါင်းထားတဲ့ အော့ဖ်လိုင်းမြေပုံ အားလုံးဖျက်မလား? တောင်ပေါ်မှာ signal မရှိရင် မြေပုံမမြင်ရတော့ပါ။	Татсан офлайн зургийг бүгдийг устгах уу? Ууланд сүлжээгүй бол зураг харагдахгүй.	सबै अफलाइन नक्सा मेटाउने? पहाडमा सिग्नल नभए नक्सा देखिँदैन।	सभी ऑफ़लाइन मैप हटाएँ? पहाड़ में सिग्नल न हो तो मैप नहीं दिखेगा।	ลบแผนที่ออฟไลน์ทั้งหมด? บนเขาที่ไม่มีสัญญาณจะดูแผนที่ไม่ได้	Xóa mọi bản đồ ngoại tuyến? Lên núi không có sóng sẽ không xem được bản đồ.	Hapus semua peta offline? Tanpa sinyal di gunung, peta tidak akan tampil.	Padam semua peta luar talian? Tanpa isyarat di gunung, peta tidak kelihatan.	Burahin lahat ng offline map? Walang mapa kapag walang signal sa bundok.	Tüm çevrimdışı haritalar silinsin mi? Dağda çekmezse harita görünmez.	Видалити всі офлайн-карти? Без зв'язку в горах карти не буде.	Удалить все офлайн-карты? Без сигнала в горах карты не будет.	Usunąć wszystkie mapy offline? Bez zasięgu w górach nie zobaczysz mapy.	Alle offlinekaarten wissen? Zonder bereik in de bergen zie je dan geen kaart.	Alle Offline-Karten löschen? Ohne Netz in den Bergen siehst du dann keine Karte.	¿Borrar todos los mapas sin conexión? Sin señal en la montaña no verás el mapa.	Effacer toutes les cartes hors ligne ? Sans réseau en montagne, plus de carte.	Cancellare tutte le mappe offline? In montagna senza segnale non vedrai la mappa.	Apagar todos os mapas offline? Sem sinal na montanha, o mapa não aparece.
湖泊	Lake	湖	호수	湖泊	បឹង	ရေကန်	Нуур	ताल	झील	ทะเลสาบ	Hồ	Danau	Tasik	Lawa	Göl	озеро	Озеро	Jezioro	Meer	See	Lago	Lac	Lago	Lago
溪邊的小石頭	Stream pebble	沢の小石	시냇가 조약돌	溪边的小石头	គ្រួសមាត់អូរ	ချောင်းနားက ကျောက်စရစ်	Горхины хайрга	खोलाको ढुंगा	झरने का कंकड़	ก้อนกรวดริมลำธาร	Viên sỏi bên suối	Kerikil sungai	Batu kecil anak sungai	Batong-ilog	Dere çakılı	Камінчик зі струмка	Камешек из ручья	Kamyk ze strumienia	Kiezel uit de beek	Bachkiesel	Piedrita del arroyo	Galet du ruisseau	Sassolino del ruscello	Pedrinha do riacho
瀑布	Waterfall	滝	폭포	瀑布	ទឹកជ្រោះ	ရေတံခွန်	Хүрхрээ	झरना	झरना	น้ำตก	thác nước	Air terjun	Air terjun	Talon	Şelale	Водоспад	Водопад	Wodospad	Waterval	Wasserfall	Cascada	Cascade	Cascata	Cachoeira
牠吃得好開心	Happy tummy!	おいしそうに食べた！	맛있게 먹었어요!	它吃得好开心	ញ៉ាំបានសប្បាយ!	ပျော်ပျော်ကြီး စားတယ်!	Амттай идлээ!	खुशी खुशी खायो!	मज़े से खाया!	กินอย่างมีความสุข!	Ăn ngon lành!	Makannya lahap!	Makan dengan gembira!	Masayang kumain!	Afiyetle yedi!	Поїв із задоволенням!	Поел с удовольствием!	Zjadł ze smakiem!	Lekker gegeten!	Hat's geschmeckt!	¡Comió feliz!	Il s'est régalé !	Ha mangiato di gusto!	Comeu feliz!
牠帶回來的小東西	Little gifts it brought back	持って帰ってきたおみやげ	가져온 작은 선물	它带回来的小东西	អំណោយតូចៗដែលវាយកមក	ယူလာတဲ့ လက်ဆောင်လေးများ	Авчирсан жижиг бэлгүүд	यसले ल्याएका साना उपहार	इसके लाए छोटे तोहफ़े	ของเล็กๆ ที่มันเอากลับมา	Những món quà nhỏ nó mang về	Hadiah kecil yang dibawanya	Hadiah kecil yang dibawanya	Maliliit na regalong inuwi nito	Getirdiği küçük hediyeler	Принесені подаруночки	Принесённые подарочки	Przyniesione drobiazgi	Meegebrachte cadeautjes	Mitgebrachte kleine Geschenke	Regalitos que trajo	Petits cadeaux rapportés	Regalini che ha portato	Presentinhos que trouxe
牠自己出門晃了一圈，帶回來：	It went out for a wander on its own and brought back:	ひとりでお散歩に行って、持って帰ってきた：	혼자 산책 다녀와서 가져왔어요:	它自己出门晃了一圈，带回来：	វាចេញដើរលេងម្នាក់ឯង ហើយយកមកវិញ៖	သူ့ဘာသာ လမ်းလျှောက်ထွက်ပြီး ယူလာတာ:	Ганцаараа зугаалж ирээд авчирсан нь:	आफैं घुम्न गएर ल्यायो:	यह अकेले घूमने गया और लाया:	มันออกไปเดินเล่นเองแล้วเอากลับมา:	Nó tự đi dạo một vòng và mang về:	Ia jalan-jalan sendiri dan membawa pulang:	Ia keluar bersiar sendiri dan bawa balik:	Lumabas ito nang mag-isa at nag-uwi ng:	Kendi başına gezmeye çıktı ve getirdi:	Сам сходив погуляти й приніс:	Сам сходил погулять и принёс:	Wybrał się sam na spacer i przyniósł:	Hij ging alleen op pad en bracht mee:	Es war allein unterwegs und hat mitgebracht:	Salió a dar una vuelta solo y trajo:	Il est parti se balader seul et a rapporté :	È andato a zonzo da solo e ha riportato:	Saiu para passear sozinho e trouxe:
牠還飽著，約	Still full — about	まだお腹いっぱい、あと約	아직 배불러요, 약	它还饱着，约	នៅឆ្អែត ប្រហែល	ဗိုက်ပြည့်နေတုန်း ခန့်	Цадсан хэвээр, ойролцоогоор	अझै अघाएको, करिब	अभी पेट भरा है, लगभग	ยังอิ่มอยู่ ประมาณ	Vẫn còn no, khoảng	Masih kenyang, sekitar	Masih kenyang, kira-kira	Busog pa, mga	Hâlâ tok, yaklaşık	Ще ситий, приблизно	Ещё сыт, примерно	Wciąż syty, ok.	Nog vol, ongeveer	Noch satt – etwa	Aún está lleno, unas	Encore rassasié, environ	È ancora sazio, circa	Ainda está cheio, cerca de
牠靠你的腳程長大。	It grows on your footsteps.	この子はあなたの歩みで育ちます。	이 친구는 당신의 발걸음으로 자라요.	它靠你的脚程长大。	វាធំឡើងតាមជំហានរបស់អ្នក។	သူက သင့်ခြေလှမ်းတွေနဲ့ ကြီးထွားတယ်။	Энэ таны алхмаар өсдөг.	यो तपाईंको पाइलाले हुर्कन्छ।	यह आपके क़दमों से बड़ा होता है।	มันโตขึ้นจากก้าวเดินของคุณ	Nó lớn lên nhờ những bước chân của bạn.	Ia tumbuh dari langkahmu.	Ia membesar dengan langkah anda.	Lumalaki ito sa bawat hakbang mo.	Senin adımlarınla büyür.	Він росте від ваших кроків.	Он растёт от ваших шагов.	Rośnie dzięki twoim krokom.	Het groeit op jouw stappen.	Es wächst mit deinen Schritten.	Crece con tus pasos.	Il grandit grâce à tes pas.	Cresce con i tuoi passi.	Ele cresce com os seus passos.
玩	Play	あそぶ	놀기	玩	លេង	ကစား	Тоглох	खेल	खेलें	เล่น	Chơi	Main	Main	Laro	Oyna	Гратися	Играть	Baw się	Spelen	Spielen	Jugar	Jouer	Gioca	Brincar
玩完再吃～	Let me finish playing first~	遊び終わったら食べる～	다 놀고 먹을게~	玩完再吃～	លេងចប់សិនចាំញ៉ាំ~	ကစားပြီးမှ စားမယ်~	Тоглож дуусаад идье~	खेलिसकेपछि खान्छु~	पहले खेल खत्म कर लूँ~	เล่นเสร็จก่อนค่อยกิน~	Chơi xong rồi ăn~	Selesai main dulu~	Habis main dulu~	Tapusin ko muna ang laro~	Önce oyunu bitireyim~	Спочатку дограю~	Сначала доиграю~	Najpierw skończę się bawić~	Eerst uitspelen~	Erst fertig spielen~	Primero termino de jugar~	D'abord je finis de jouer~	Prima finisco di giocare~	Primeiro termino de brincar~
玩累了，休息一下	Tired from playing — resting a bit	遊びつかれた、ちょっと休憩	놀다 지쳤어, 잠깐 쉴게	玩累了，休息一下	លេងហត់ហើយ សម្រាកបន្តិច	ကစားလို့ပင်ပန်းပြီ ခဏနားမယ်	Тоглоод ядарлаа, жаахан амаръя	खेलेर थाक्यो, अलि आराम	खेलकर थक गया, थोड़ा आराम	เล่นจนเหนื่อย ขอพักหน่อย	Chơi mệt rồi, nghỉ chút	Capek main, istirahat dulu	Penat main, rehat sekejap	Pagod na sa laro, pahinga muna	Oynamaktan yoruldu, biraz dinleniyor	Втомився гратися, трохи відпочину	Устал играть, отдохну	Zmęczony zabawą, chwila odpoczynku	Moe van het spelen, even rusten	Müde vom Spielen – kurze Pause	Cansado de jugar, a descansar	Fatigué de jouer, petite pause	Stanco di giocare, una pausa	Cansado de brincar, descansando
現在 {a} 點，再 {b} 點就有第 {c} 顆心	{a} points now — {b} more for heart #{c}	いま {a} ポイント、あと {b} で {c} つ目のハート	지금 {a}점, {b}점 더 모으면 하트 {c}개째	现在 {a} 点，再 {b} 点就有第 {c} 颗心	ឥឡូវ {a} ពិន្ទុ — {b} ទៀតដល់បេះដូងទី {c}	ယခု {a} မှတ် — နှလုံး {c} ခုမြောက်အတွက် {b} မှတ်ထပ်လို	Одоо {a} оноо — {c} дахь зүрх хүртэл {b}	अहिले {a} अङ्क — मुटु #{c} का लागि {b} अझै	अभी {a} अंक — दिल #{c} के लिए {b} और	ตอนนี้ {a} แต้ม อีก {b} แต้มได้หัวใจดวงที่ {c}	Hiện có {a} điểm — thêm {b} để có trái tim thứ {c}	Sekarang {a} poin — {b} lagi untuk hati ke-{c}	Sekarang {a} mata — {b} lagi untuk hati ke-{c}	{a} puntos ngayon — {b} pa para sa puso #{c}	Şu an {a} puan — {c}. kalbe {b} kaldı	Зараз {a} балів — ще {b} до {c}-го серця	Сейчас {a} очков — ещё {b} до {c}-го сердца	Teraz {a} pkt — jeszcze {b} do serca nr {c}	Nu {a} punten — nog {b} voor hart {c}	Jetzt {a} Punkte – noch {b} bis Herz Nr. {c}	Ahora {a} puntos: faltan {b} para el corazón {c}	{a} points – encore {b} pour le cœur n° {c}	Ora {a} punti: ne mancano {b} per il cuore n. {c}	Agora {a} pontos — faltam {b} para o coração {c}
現在可以餵	Can feed now	今あげられる	지금 줄 수 있어요	现在可以喂	អាចចិញ្ចឹមឥឡូវ	အခု ကျွေးလို့ရပြီ	Одоо хооллож болно	अहिले खुवाउन मिल्छ	अभी खिला सकते हैं	ให้ได้แล้ว	Có thể cho ăn ngay	Bisa sekarang	Boleh beri sekarang	Puwede na ngayon	Şimdi beslenebilir	Можна зараз	Можно сейчас	Można teraz	Kan nu	Jetzt möglich	Puedes alimentar ya	Possible maintenant	Puoi nutrirlo ora	Pode alimentar agora
產生圖片失敗	Image failed	画像が失敗しました	이미지 실패	产生图片失败	រូបភាពបានបរាជ័យ	ပုံမအောင်မြင်ပါ။	Зураг амжилтгүй боллоо	छवि असफल भयो	छवि विफल रही	รูปภาพล้มเหลว	Hình ảnh không thành công	Gambar gagal	Imej gagal	Nabigo ang larawan	Resim başarısız oldu	Помилка зображення	Изображение не удалось	Obraz nie powiódł się	Afbeelding mislukt	Bild fehlgeschlagen	Imagen fallida	L'image a échoué	Immagine non riuscita	Falha na imagem
用 {n} 顆果實換上	Wear it for {n} berries	木の実 {n} 個でつける	열매 {n}개로 착용	用 {n} 颗果实换上	ពាក់ដោយផ្លែបឺរី {n}	ဘယ်ရီ {n} လုံးနဲ့ ဝတ်မယ်	{n} жимсээр зүүх	{n} बेरीमा लगाउनुहोस्	{n} बेरी में पहनाएँ	ใส่ด้วยเบอร์รี {n} ลูก	Đeo với {n} quả mọng	Pakai dengan {n} beri	Pakai dengan {n} beri	Isuot kapalit ng {n} berry	{n} meyveyle tak	Вдягти за {n} ягід	Надеть за {n} ягод	Załóż za {n} jagód	Draag voor {n} bessen	Für {n} Beeren anziehen	Ponérselo por {n} bayas	Le porter pour {n} baies	Indossalo per {n} bacche	Usar por {n} frutinhas
用果實換	Trade berries	木の実でこうかん	열매로 교환	用果实换	ប្ដូរដោយផ្លែបឺរី	ဘယ်ရီသီးနဲ့လဲ	Жимсээр солих	बेरीले साट्नुहोस्	बेरी से बदलें	แลกด้วยเบอร์รี	Đổi bằng quả mọng	Tukar buah beri	Tukar buah beri	Ipagpalit sa berry	Meyveyle takas	За ягоди	За ягоды	Za jagody	Ruilen voor bessen	Gegen Beeren	Con bayas	Contre des baies	Con le bacche	Com frutinhas
登山杖	Trekking poles	トレッキングポール	등산 스틱	登山杖	ដំបងឡើងភ្នំ	တောင်တက်တုတ်	Явган аяллын таяг	पदयात्रा लौरो	ट्रेकिंग पोल	ไม้เท้าเดินป่า	Gậy leo núi	Tongkat trekking	Tongkat mendaki	Trekking poles	Yürüyüş batonları	Трекінгові палиці	Треккинговые палки	Kijki trekkingowe	Wandelstokken	Wanderstöcke	Bastones de trekking	Bâtons de marche	Bastoncini da trekking	Bastões de caminhada
目前	Current	現在	현재의	目前	បច្ចុប្បន្ន	လက်ရှိ	Одоогийн	वर्तमान	मौजूदा	ปัจจุบัน	Hiện hành	Saat ini	semasa	Kasalukuyan	Akım	поточний	Текущий	Aktualny	Huidig	Aktuell	Actual	Actuel	Attuale	Atual
相思豆	Rosary pea	トウアズキの実	홍두	相思豆	គ្រាប់ក្រហមស្នេហា	ချစ်စေ့	Улаан шош	रत्तीको दाना	रत्ती का दाना	มะกล่ำตาหนู	Hạt tương tư	Biji saga	Biji saga	Saga	Tespih bezelyesi	Чоточник	Чёточник	Ziarno modlitewne	Paternosterboon	Paternostererbse	Semilla de jequirití	Pois rouge	Seme di abro	Olho-de-pombo
相遇 {n} 週年	{n}-year anniversary	出会って {n} 周年	만난 지 {n}주년	相遇 {n} 周年	ខួប {n} ឆ្នាំ	{n} နှစ်ပြည့်	{n} жилийн ой	{n} वर्ष पूरा	{n}वीं सालगिरह	ครบรอบ {n} ปี	Kỷ niệm {n} năm	{n} tahun bersama	Ulang tahun ke-{n}	Ika-{n} anibersaryo	{n}. yıl dönümü	{n}-та річниця	{n}-я годовщина	{n}. rocznica	{n} jaar samen	{n}. Jahrestag	{n}.º aniversario	{n}e anniversaire	{n}° anniversario	{n}º aniversário
相遇第 {n} 天	Day {n} together	出会って {n} 日目	함께한 지 {n}일	相遇第 {n} 天	ថ្ងៃទី {n} ជាមួយគ្នា	အတူရှိတာ {n} ရက်မြောက်	Хамт байсны {n} дэх өдөр	सँगै {n}औं दिन	साथ का {n}वाँ दिन	ครบ {n} วันด้วยกัน	Ngày thứ {n} bên nhau	Hari ke-{n} bersama	Hari ke-{n} bersama	Ika-{n} araw na magkasama	Birlikte {n}. gün	{n}-й день разом	{n}-й день вместе	{n}. dzień razem	Dag {n} samen	Tag {n} zusammen	Día {n} juntos	{n}e jour ensemble	Giorno {n} insieme	Dia {n} juntos
看更早的	Show older	もっと前を見る	이전 기록 보기	看更早的	មើលចាស់ជាងនេះ	အဟောင်းတွေကြည့်	Өмнөхийг харах	पुराना हेर्नुहोस्	पुरानी देखें	ดูก่อนหน้า	Xem cũ hơn	Lihat lebih lama	Lihat lebih lama	Tingnan ang mas luma	Eskileri göster	Показати раніші	Показать ранние	Pokaż starsze	Oudere tonen	Ältere zeigen	Ver anteriores	Voir plus anciennes	Mostra precedenti	Ver anteriores
睡飽才出門派	Sleep-in hiker	ゆっくり起きてから派	늦잠 후 출발파	睡饱才出门派	អ្នកដេកឆ្អែតសិន	အိပ်ဝမှ ထွက်သူ	Унтаж ханаад гардаг	आराम गरेर निस्कने	आराम से निकलने वाले	สายนอนอิ่ม	Ngủ đủ mới đi	Pendaki santai	Pendaki santai	Hiker na hindi nagmamadali	Uykusunu alıp çıkan	Спершу виспатися	Сначала выспаться	Śpioch w trasie	Uitslaper	Ausschläfer	Senderista sin prisas	Randonneur grasse-mat'	Escursionista dormiglione	Sem pressa
知道了	Got it	わかった	알겠어요	知道了	យល់ហើយ	သဘောပေါက်ပြီ	Ойлголоо	बुझेँ	समझ गया	เข้าใจแล้ว	Đã hiểu	Mengerti	Faham	Nakuha ko	Anladım	Зрозуміло	Понятно	Rozumiem	Begrepen	Verstanden	Entendido	Compris	Ho capito	Percebi
社群尚未啟用	Social not enabled	ソーシャルが有効になっていません	소셜이 활성화되지 않았습니다.	社群尚未启用	សង្គមមិនត្រូវបានបើកទេ។	လူမှုကွန်ရက်ကို ဖွင့်မထားပါ။	Нийгмийн сүлжээг идэвхжүүлээгүй	सामाजिक सक्षम छैन	सामाजिक सक्षम नहीं है	ไม่ได้เปิดใช้งานโซเชียล	Mạng xã hội chưa được kích hoạt	Sosial tidak diaktifkan	Sosial tidak didayakan	Hindi pinagana ang social	Sosyal etkin değil	Соціальна мережа не ввімкнена	Социальные сети не включены	Społeczności wyłączone	Sociaal niet ingeschakeld	Soziales nicht aktiviert	Social no habilitado	Réseaux sociaux non activés	Social non abilitato	Redes sociais não ativadas
第一次一起出門	First hike together	初めて一緒にお出かけ	첫 함께 나들이	第一次一起出门	ការដើរលើកដំបូងជាមួយគ្នា	ပထမဆုံး အတူထွက်ခဲ့သည်	Анх хамт аялсан	पहिलो पटक सँगै हिँडेको	पहली साथ की सैर	ออกเดินทางด้วยกันครั้งแรก	Chuyến đi đầu tiên cùng nhau	Pendakian pertama bersama	Pendakian pertama bersama	Unang hike na magkasama	İlk birlikte yürüyüş	Перший спільний похід	Первый совместный поход	Pierwsza wspólna wędrówka	Eerste wandeling samen	Erste gemeinsame Wanderung	Primera excursión juntos	Première rando ensemble	Prima escursione insieme	Primeira trilha juntos
第一次去	First time in	はじめての	처음 가본	第一次去	លើកដំបូងទៅ	ပထမဆုံးအကြိမ်	Анх удаа	पहिलो पटक	पहली बार	ครั้งแรกที่ไป	Lần đầu đến	Pertama kali ke	Kali pertama ke	Unang beses sa	İlk kez	Вперше в	Впервые в	Pierwszy raz w	Voor het eerst in	Zum ersten Mal in	Primera vez en	Première fois à	Prima volta a	Primeira vez em
第一次吃果實	First berry	初めての木の実	첫 열매	第一次吃果实	ផ្លែបឺរីដំបូង	ပထမဆုံး ဘယ်ရီ	Анхны жимс	पहिलो फल	पहला बेर	ผลเบอร์รี่แรก	Quả mọng đầu tiên	Buah beri pertama	Beri pertama	Unang berry	İlk meyve	Перша ягода	Первая ягода	Pierwsza jagoda	Eerste bes	Erste Beere	Primera baya	Première baie	Prima bacca	Primeira fruta
第一次抱抱	First hug	初めてのハグ	첫 포옹	第一次抱抱	ការឱបលើកដំបូង	ပထမဆုံး ဖက်ခြင်း	Анхны тэврэлт	पहिलो अँगालो	पहली झप्पी	กอดครั้งแรก	Cái ôm đầu tiên	Pelukan pertama	Pelukan pertama	Unang yakap	İlk sarılma	Перші обійми	Первые обнимашки	Pierwszy przytulas	Eerste knuffel	Erste Umarmung	Primer abrazo	Premier câlin	Primo abbraccio	Primeiro abraço
第一趟走完，會出現在這裡	Finish your first hike and it'll show up here	初めての記録がここに並びます	첫 산행을 마치면 여기 나타나요	第一趟走完，会出现在这里	ដើររួចលើកដំបូង នឹងបង្ហាញនៅទីនេះ	ပထမခရီးပြီးရင် ဒီမှာပေါ်မယ်	Эхний аяллаа дуусгахад энд гарна	पहिलो हाइक सकिएपछि यहाँ देखिन्छ	पहली हाइक पूरी करते ही यहाँ दिखेगी	เดินครบทริปแรก จะขึ้นตรงนี้	Đi xong chuyến đầu, nó sẽ hiện ở đây	Selesaikan perjalanan pertama, nanti muncul di sini	Habiskan perjalanan pertama, ia muncul di sini	Tapusin ang unang lakad, lalabas ito rito	İlk yürüyüşünü bitir, burada görünür	Перший похід з'явиться тут	Первый поход появится здесь	Po pierwszym wyjściu pojawi się tutaj	Na je eerste tocht staat hij hier	Nach deiner ersten Tour taucht sie hier auf	Termina tu primera salida y aparecerá aquí	Ta première sortie apparaîtra ici	Finisci la prima uscita e comparirà qui	Termine a primeira saída e ela aparece aqui
約	about	約	약	约	ប្រហែល	ခန့်	ойролцоогоор	करिब	लगभग	ประมาณ	khoảng	sekitar	kira-kira	mga	yaklaşık	близько	около	ok.	ca.	ca.	unas	env.	circa	cerca de
練習噴火，只噴出一團煙	I practiced breathing fire — only a puff of smoke came out	火を吹く練習をしたら、煙がぽふっと出ただけ	불 뿜는 연습했는데 연기만 퐁 나왔어	练习喷火，只喷出一团烟	ហាត់ផ្លុំភ្លើង ចេញតែផ្សែងមួយដុំ	မီးမှုတ်လေ့ကျင့်တာ မီးခိုးလုံးလေးပဲ ထွက်တယ်	Гал үлээх дасгал хийсэн ч утаа л гарлаа	आगो फुक्ने अभ्यास गरें, धुवाँ मात्र निस्कियो	आग उगलने का अभ्यास किया, बस धुआँ निकला	ฝึกพ่นไฟ ออกมาแค่ควันก้อนเดียว	Mình tập phun lửa, chỉ phun ra một cụm khói	Latihan menyembur api, cuma keluar asap	Berlatih sembur api, cuma keluar asap	Nagsanay akong bumuga ng apoy, usok lang ang lumabas	Ateş püskürtmeyi denedim, sadece duman çıktı	Тренувався дихати вогнем — вийшов лише дим	Тренировался дышать огнём — вышло лишь облачко дыма	Ćwiczyłem ziejanie ogniem – wyszedł tylko dymek	Ik oefende vuurspuwen, er kwam alleen rook uit	Ich hab Feuerspucken geübt – nur ein Rauchwölkchen kam raus	Practiqué escupir fuego, solo salió humo	J'ai essayé de cracher du feu, juste un nuage de fumée	Mi sono esercitato a sputare fuoco, solo una nuvola di fumo	Treinei cuspir fogo, só saiu fumaça
縮小地圖	Zoom out	縮小	축소	缩小地图	បង្រួម	ချုံ့	Жижигрүүлэх	जुम आउट	ज़ूम आउट	ซูมออก	Thu nhỏ	Perkecil	Zum keluar	Mag-zoom out	Uzaklaştır	Віддалити	Отдалить	Oddal	Uitzoomen	Verkleinern	Alejar	Dézoomer	Riduci	Afastar
羽毛	Feather	羽根	깃털	羽毛	រោមសត្វស្លាប	ငှက်မွေး	Өд	प्वाँख	पंख	ขนนก	Lông vũ	Bulu	Bulu pelepah	Balahibo	Tüy	Пір'їна	Перо	Pióro	Veer	Feder	Pluma	Plume	Piuma	Pena
腳有點痠，但好開心	my legs are sore but I'm so happy	足がちょっと痛いけど楽しかった	다리가 좀 아프지만 너무 좋았어	脚有点酸，但好开心	ជើងរោយបន្តិច ប៉ុន្តែសប្បាយណាស់	ခြေထောက်နည်းနည်းညောင်းပေမယ့် ပျော်တယ်	хөл жаахан өвдсөн ч их баяртай	खुट्टा अलि दुख्यो तर रमाइलो भयो	पैर थोड़े दुखे, पर बहुत मज़ा आया	ขาเมื่อยนิดหน่อย แต่สนุกมาก	chân hơi mỏi nhưng vui lắm	kakiku pegal tapi senang sekali	kaki lenguh sikit tapi seronok	masakit ang paa pero ang saya	bacaklarım ağrıyor ama çok mutluyum	лапи болять, але я такий радий	лапы гудят, но я так рад	łapy bolą, ale jestem szczęśliwy	mijn poten doen pijn, maar ik ben blij	die Beine tun weh, aber ich bin so froh	me duelen las patas, pero estoy feliz	j'ai mal aux pattes mais je suis ravi	ho le zampe stanche ma sono felice	as patas doem, mas estou feliz
自由路線	Free route	フリールート	자유 경로	自由路线	ផ្លូវសេរី	လွတ်လပ်သောလမ်း	Чөлөөт зам	स्वतन्त्र मार्ग	स्वतंत्र मार्ग	เส้นทางอิสระ	Lộ trình tự do	Rute bebas	Laluan bebas	Malayang ruta	Serbest rota	Вільний маршрут	Свободный маршрут	Wolna trasa	Vrije route	Freie Route	Ruta libre	Parcours libre	Percorso libero	Rota livre
舞台擺設（最多 2 個）	Stage decorations (up to 2)	ステージの飾り（2 つまで）	무대 장식 (최대 2개)	舞台摆设（最多 2 个）	តុបតែងឆាក (ច្រើនបំផុត ២)	စင်မြင့် အလှဆင် (အများဆုံး ၂ ခု)	Тайзны чимэглэл (2 хүртэл)	मञ्च सजावट (बढीमा २)	मंच सजावट (अधिकतम 2)	ของตกแต่งฉาก (สูงสุด 2)	Trang trí sân khấu (tối đa 2)	Dekorasi panggung (maks. 2)	Hiasan pentas (maks. 2)	Palamuti sa entablado (hanggang 2)	Sahne süsleri (en fazla 2)	Прикраси сцени (до 2)	Украшения сцены (до 2)	Dekoracje sceny (maks. 2)	Podiumdecoratie (max. 2)	Bühnendeko (max. 2)	Decoración del escenario (máx. 2)	Décor de la scène (2 max.)	Decorazioni del palco (max 2)	Decoração do palco (até 2)
苔蘚球	Moss ball	コケ玉	이끼 공	苔藓球	បាល់ស្លែ	ရေညှိဘောလုံး	Хөвдний бөмбөг	झ्याउको बल	काई की गेंद	ลูกบอลมอส	Quả cầu rêu	Bola lumut	Bola lumut	Bola ng lumot	Yosun topu	Моховий кульок	Моховой шарик	Kulka mchu	Mosbal	Moosball	Bola de musgo	Boule de mousse	Palla di muschio	Bola de musgo
蓋掉雲端備份	Overwrite backup	上書きする	덮어쓰기	盖掉云端备份	សរសេរជាន់	ထပ်ရေးမည်	Нөөцийг дарах	ब्याकअप मेटाउनुहोस्	बैकअप बदलें	เขียนทับ	Ghi đè	Timpa cadangan	Timpa sandaran	Palitan ang backup	Üzerine yaz	Перезаписати	Перезаписать	Nadpisz kopię	Back-up overschrijven	Sicherung überschreiben	Sobrescribir copia	Écraser la sauvegarde	Sovrascrivi backup	Sobrescrever backup
蕨葉	Fern frond	シダの葉	고사리 잎	蕨叶	Fern frond	ဖန်းရွက်	Оймын навч	उन्यूको पात	फर्न की पत्ती	ใบเฟิร์น	Lá dương xỉ	Daun pakis	Daun paku pakis	Dahon ng pako	Eğrelti yaprağı	Листок папороті	Лист папоротника	Liść paproci	Varenblad	Farnwedel	Fronda de helecho	Fronde de fougère	Fronda di felce	Folha de samambaia
蛋還沒有脖子，孵出來就能戴	An egg has no neck yet — it can wear these once it hatches	たまごには首がないよ、かえったらつけられる	알에는 아직 목이 없어요, 태어나면 착용 가능	蛋还没有脖子，孵出来就能戴	ស៊ុតមិនទាន់មានក ញាស់ហើយពាក់បាន	ဥမှာ လည်ပင်းမရှိသေး၊ ပေါက်ပြီးရင် ဝတ်လို့ရမယ်	Өндөгт хүзүү байхгүй, гарсны дараа зүүнэ	अण्डाको घाँटी छैन — निस्किएपछि लगाउन सक्छ	अंडे की गर्दन नहीं होती — निकलने के बाद पहन सकेगा	ไข่ยังไม่มีคอ ฟักแล้วใส่ได้	Trứng chưa có cổ — nở rồi sẽ đeo được	Telur belum punya leher — setelah menetas bisa	Telur belum ada leher — selepas menetas boleh	Wala pang leeg ang itlog — pagkapisa, puwede na	Yumurtanın boynu yok — çıkınca takabilir	У яйця немає шиї — після вилуплення можна	У яйца нет шеи — после вылупления можно	Jajko nie ma szyi — po wykluciu tak	Een ei heeft nog geen nek — na het uitkomen wel	Ein Ei hat noch keinen Hals – nach dem Schlüpfen geht's	Un huevo aún no tiene cuello: al nacer podrá	Un œuf n'a pas de cou — après l'éclosion	Un uovo non ha collo: dopo la schiusa sì	Um ovo ainda não tem pescoço — depois de nascer pode
蝸牛殼	Snail shell	カタツムリの殻	달팽이 껍데기	蜗牛壳	សំបកខ្យង	ခရုခွံ	Эмгэн хумсны хясаа	शंखेकीराको खोल	घोंघे का खोल	เปลือกหอยทาก	Vỏ ốc sên	Cangkang siput	Cangkerang siput	Kabibe ng suso	Salyangoz kabuğu	Мушля равлика	Раковина улитки	Muszla ślimaka	Slakkenhuis	Schneckenhaus	Concha de caracol	Coquille d'escargot	Guscio di lumaca	Concha de caracol
蟬蛻	Cicada shell	セミの抜け殻	매미 허물	蝉蜕	សំបករៃ	ပုစဉ်းရင်ကွဲအခွံ	Цикадын хальс	सिकाडाको खोल	झींगुर का खोल	คราบจักจั่น	Xác ve sầu	Kulit tonggeret	Kulit riang-riang	Balat ng kuliglig	Ağustos böceği kabuğu	Шкірка цикади	Шкурка цикады	Wylinka cykady	Cicadevel	Zikadenhülle	Muda de cigarra	Mue de cigale	Esuvia di cicala	Casca de cigarra
裝扮	Dress up	着せ替え	꾸미기	装扮	តុបតែង	အဝတ်ဝတ်	Гоёх	सजाउनु	सजाएं	แต่งตัว	Trang phục	Dandani	Hias	Bihisan	Giydir	Одягнути	Наряд	Ubierz	Aankleden	Anziehen	Vestir	Habiller	Vesti	Vestir
複製	Copy	コピー	복사	复制	ចម្លង	ကူး	Хуулах	कपी	कॉपी	คัดลอก	Sao chép	Salin	Salin	Kopyahin	Kopyala	Копіювати	Копировать	Kopiuj	Kopiëren	Kopieren	Copiar	Copier	Copia	Copiar
複製好了	Copied	コピーした	복사했어요	复制好了	បានចម្លង	ကူးပြီး	Хууллаа	कपी भयो	कॉपी हो गया	คัดลอกแล้ว	Đã chép	Tersalin	Disalin	Nakopya na	Kopyalandı	Скопійовано	Скопировано	Skopiowano	Gekopieerd	Kopiert	Copiado	Copié	Copiato	Copiado
要再去走走嗎？	Shall we go for a walk?	散歩に行きましょうか？	우리 산책하러 갈까요?	要再去走走吗？	តើយើងត្រូវទៅដើរលេងទេ?	ငါတို့ လမ်းလျှောက်ထွက်မလား။	Бид зугаалах уу?	के हामी घुम्न जाने हो?	क्या हम घूमने चलें?	เราไปเดินเล่นกันไหม?	Chúng ta đi dạo nhé?	Bagaimana kalau kita jalan-jalan?	Adakah kita pergi berjalan-jalan?	Mamasyal tayo?	Yürüyüşe çıkalım mı?	Підемо погуляємо?	Пойдем гулять?	Pójdziemy na spacer?	Zullen we gaan wandelen?	Sollen wir spazieren gehen?	¿Vamos a dar un paseo?	On va se promener ?	Andiamo a fare una passeggiata?	Vamos dar um passeio?
親密	Bond	親密度	친밀도	亲密	ចំណង	ခင်မင်မှု	Ойр дотно	आत्मीयता	बंधन	ความสนิท	Thân thiết	Kedekatan	Ikatan	Ugnayan	Bağ	Зв'язок	Связь	Więź	Band	Bindung	Vínculo	Lien	Legame	Vínculo
親密怎麼增加	How friendship grows	なかよし度の上げ方	친밀도 올리는 법	亲密怎么增加	របៀបបង្កើនមិត្តភាព	ရင်းနှီးမှု ဘယ်လိုတိုးမလဲ	Дотно байдал хэрхэн нэмэгдэх вэ	मित्रता कसरी बढ्छ	दोस्ती कैसे बढ़ती है	ความสนิทเพิ่มยังไง	Cách tăng độ thân thiết	Cara menambah keakraban	Cara tambah kemesraan	Paano lumalalim ang samahan	Dostluk nasıl artar	Як зростає дружба	Как растёт дружба	Jak rośnie przyjaźń	Zo groeit de vriendschap	So wächst die Freundschaft	Cómo crece la amistad	Comment l'amitié grandit	Come cresce l'amicizia	Como a amizade cresce
親密滿 5 顆心：餵食給的成長更多，牠也會自己出門帶小東西回來。	At 5 hearts: feeding gives more growth, and it will go out on its own and bring back little gifts.	ハート 5 つ：ごはんで育つ量が増えて、自分で出かけて小さなおみやげを持って帰ってくるよ。	하트 5개: 먹이를 주면 더 많이 자라고, 혼자 나가서 작은 선물을 가져와요.	亲密满 5 颗心：喂食给的成长更多，它也会自己出门带小东西回来。	បេះដូង ៥៖ ការចិញ្ចឹមជួយលូតលាស់ច្រើនជាង ហើយវានឹងចេញទៅរកអំណោយតូចៗមកវិញ។	နှလုံး ၅ လုံးပြည့်ရင်: ကျွေးတာ ပိုကြီးထွားစေပြီး ကိုယ်တိုင်ထွက်သွားကာ လက်ဆောင်လေးတွေ ယူလာမယ်။	5 зүрх болоход: хооллоход илүү өснө, бас өөрөө гарч жижиг бэлэг авчирна.	५ मुटु पुगेपछि: खुवाउँदा धेरै बढ्छ, अनि आफैं घुम्न गएर साना उपहार ल्याउँछ।	5 दिल होने पर: खिलाने से ज़्यादा बढ़त, और यह खुद घूमकर छोटे तोहफ़े लाएगा।	ความสนิทครบ 5 ดวง: ให้อาหารแล้วโตเร็วขึ้น และมันจะออกไปเที่ยวเองแล้วเอาของเล็กๆ กลับมา	Đủ 5 tim: cho ăn lớn nhanh hơn, và nó sẽ tự đi dạo rồi mang quà nhỏ về.	Dengan 5 hati: makan memberi pertumbuhan lebih, dan ia akan jalan sendiri lalu membawa hadiah kecil.	Pada 5 hati: makan beri pertumbuhan lebih, dan ia akan keluar sendiri bawa hadiah kecil.	Sa 5 puso: mas lalaki sa pagpapakain, at lalabas ito nang mag-isa at mag-uuwi ng maliliit na regalo.	5 kalpte: beslemek daha çok büyütür, ayrıca kendi başına gezip küçük hediyeler getirir.	При 5 сердечках: годування дає більше росту, а ще він сам гуляє й приносить маленькі подарунки.	При 5 сердечках: кормление даёт больше роста, а ещё он сам гуляет и приносит маленькие подарки.	Przy 5 serduszkach: karmienie daje więcej wzrostu, a on sam wyrusza i przynosi drobne prezenty.	Bij 5 hartjes: voeren geeft meer groei en hij gaat zelf op pad en brengt kleine cadeautjes mee.	Bei 5 Herzen: Füttern bringt mehr Wachstum, und es zieht allein los und bringt kleine Geschenke mit.	Con 5 corazones: comer le hace crecer más, y saldrá solo a traerte regalitos.	À 5 cœurs : nourrir le fait grandir davantage, et il part seul rapporter de petits cadeaux.	Con 5 cuori: nutrirlo lo fa crescere di più e andrà a zonzo da solo portandoti piccoli regali.	Com 5 corações: alimentar dá mais crescimento, e ele sai sozinho e traz presentinhos.
親密滿了，牠最喜歡你	Full bond — it loves you most	仲良し度MAX、きみが大好き	친밀도 최대, 너를 제일 좋아해	亲密满了，它最喜欢你	ស្និទ្ធស្នាលពេញ វាស្រឡាញ់អ្នកបំផុត	ရင်းနှီးမှု အပြည့် — မင်းကို အချစ်ဆုံး	Дотно харилцаа дүүрэн, чамд хамгийн хайртай	पूरा नाता — उसलाई तपाईं सबैभन्दा मन पर्छ	पूरा जुड़ाव — वह आपको सबसे ज़्यादा चाहता है	สนิทเต็มที่ รักคุณที่สุด	Thân thiết tối đa — bé thương bạn nhất	Ikatan penuh — ia paling sayang kamu	Ikatan penuh — ia paling sayang kamu	Puno na ang samahan — ikaw ang pinakamamahal niya	Bağ dolu — seni en çok seviyor	Повна близькість — любить тебе найбільше	Полная близость — любит тебя больше всех	Pełna więź — kocha cię najbardziej	Volle band — het houdt het meest van jou	Volle Bindung – es mag dich am liebsten	Vínculo al máximo: te adora	Lien au maximum, il t'adore	Legame al massimo: ti adora	Vínculo cheio — ele te adora
試穿中	Trying on	試着中	입어 보는 중	试穿中	កំពុងសាកពាក់	စမ်းဝတ်နေ	Өмсөж үзэж байна	लगाएर हेर्दै	पहनकर देख रहे	กำลังลองใส่	Đang thử	Mencoba	Mencuba	Sinusubukan	Deneniyor	Приміряємо	Примерка	Przymierzanie	Aan het passen	Anprobe	Probando	Essayage	In prova	Provando
請先到社群分頁登入	Sign in on the Social tab first	まずソーシャルタブにサインインしてください	먼저 소셜 탭에 로그인하세요.	请先到社群分页登入	ចូលនៅលើផ្ទាំងសង្គមជាមុនសិន	Social tab တွင် ဦးစွာဝင်ရောက်ပါ။	Эхлээд Нийгмийн таб дээр нэвтэрнэ үү	पहिले सामाजिक ट्याबमा साइन इन गर्नुहोस्	सबसे पहले सोशल टैब पर साइन इन करें	ลงชื่อเข้าใช้บนแท็บโซเชียลก่อน	Trước tiên hãy đăng nhập vào tab Xã hội	Masuk ke tab Sosial terlebih dahulu	Log masuk pada tab Sosial dahulu	Mag-sign in muna sa tab na Social	Önce Sosyal sekmesinde oturum açın	Спочатку увійдіть на вкладці «Соцмережі».	Сначала войдите на вкладку «Социальные сети»	Najpierw zaloguj się na karcie Społeczności	Meld u eerst aan op het tabblad Sociaal	Melden Sie sich zuerst auf der Registerkarte „Soziale Netzwerke“ an	Inicia sesión primero en la pestaña Social	Connectez-vous d'abord sur l'onglet Social	Accedi prima alla scheda Social	Faça login na guia Social primeiro
謝謝你	Thank you	ありがとう	고마워	谢谢你	អរគុណ	ကျေးဇူးပဲ	Баярлалаа	धन्यवाद	धन्यवाद	ขอบคุณนะ	Cảm ơn bạn	Terima kasih	Terima kasih	Salamat	Teşekkürler	Дякую	Спасибо	Dziękuję	Dank je	Danke dir	Gracias	Merci	Grazie	Obrigado
走一趟	Go on a hike	一回歩く	한 번 걷기	走一趟	ដើរម្ដង	တစ်ခေါက်လမ်းလျှောက်	Нэг удаа алхах	एक पटक हिँड्नु	एक सैर करें	เดินหนึ่งรอบ	Đi một chuyến	Satu kali jalan	Satu perjalanan	Isang lakad	Bir yürüyüş	Сходити в похід	Сходить в поход	Jedna wędrówka	Een wandeling	Eine Wanderung	Salir a caminar	Faire une rando	Fare un'escursione	Fazer uma trilha
走一趟就有	Go on a hike to fill it	一回歩くと出てくるよ	한 번 걸으면 채워져요	走一趟就有	ដើរម្ដងនឹងមាន	တစ်ခါလမ်းလျှောက်ရင် ပြည့်လာမယ်	Нэг явбал дүүрнэ	एक पटक हिँड्नुस्, भरिन्छ	एक बार घूमने जाएँ तो भरेगा	เดินสักครั้งก็จะมี	Đi một chuyến là có	Mendaki sekali untuk mengisinya	Mendaki sekali untuk mengisinya	Mag-hike minsan para mapuno	Bir kez yürü, dolsun	Сходіть у похід — і заповниться	Сходите в поход — и заполнится	Wybierz się na wędrówkę, by ją napełnić	Ga één keer wandelen om te vullen	Wandere einmal, dann füllt es sich	Sal de excursión para llenarlo	Fais une rando pour la remplir	Fai un'escursione per riempirla	Faça uma trilha para encher
走得多	More	多い	많이	走得多	ច្រើន	များ	Их	धेरै	ज़्यादा	มาก	Nhiều	Banyak	Banyak	Marami	Çok	Більше	Больше	Więcej	Meer	Mehr	Más	Plus	Di più	Mais
走得少	Less	少ない	적게	走得少	តិច	နည်း	Бага	कम	कम	น้อย	Ít	Sedikit	Sedikit	Kaunti	Az	Менше	Меньше	Mniej	Minder	Weniger	Menos	Moins	Di meno	Menos
走過那個地區	Walk that region	その地域を歩く	그 지역을 걷기	走过那个地区	ដើរក្នុងតំបន់នោះ	ထိုဒေသကို လမ်းလျှောက်	Тэр бүсээр алхах	त्यो क्षेत्र हिँड्नुहोस्	उस क्षेत्र में चलें	เดินในภูมิภาคนั้น	Đi qua vùng đó	Jelajahi wilayahnya	Jelajah kawasan itu	Lakarin ang rehiyon	O bölgeyi yürü	Пройти регіон	Пройти регион	Przejdź region	Loop die regio	Gebiet erwandert	Recorre esa región	Parcours la région	Percorri la zona	Ande pela região
走過那裡的步道就會解鎖	Unlocks after you hike a trail there	そこの道を歩くと手に入る	그곳의 길을 걸으면 열려요	走过那里的步道就会解锁	ដើរផ្លូវនៅទីនោះ ដើម្បីដោះសោ	ထိုနေရာ လမ်းလျှောက်ရင် ရမယ်	Тэнд алхвал нээгдэнэ	त्यहाँको पदमार्ग हिँडेपछि खुल्छ	वहाँ का ट्रेल चलने पर खुलेगा	ปลดล็อกเมื่อเดินเส้นทางที่นั่น	Mở khóa khi đi một cung đường ở đó	Terbuka setelah menjelajah jalur di sana	Dibuka selepas jelajah denai di sana	Mabubuksan kapag naglakad ka roon	Oradaki bir parkuru yürüyünce açılır	Відкриється після маршруту там	Откроется после маршрута там	Odblokujesz po szlaku tam	Ontgrendelt na een pad daar	Wird frei, wenn du dort wanderst	Se desbloquea al recorrer un sendero allí	Se débloque après un sentier là-bas	Si sblocca dopo un sentiero lì	Desbloqueia ao fazer uma trilha lá
起始型態	Starting form	スタートフォーム	시작 형태	起始型态	ទម្រង់ចាប់ផ្តើម	စတင်ပုံစံ	Эхлэх маягт	प्रारम्भिक फारम	प्रारंभिक प्रपत्र	แบบฟอร์มเริ่มต้น	Hình thức bắt đầu	Bentuk awal	Borang permulaan	Panimulang anyo	Başlangıç ​​formu	Стартова форма	Стартовая форма	Formularz startowy	Startformulier	Startformular	Forma inicial	Formulaire de départ	Modulo di partenza	Formulário inicial
趟	trip(s)	回	번	趟	ដង	ခေါက်	удаа	पटक	बार	รอบ	chuyến	kali	kali	lakad	kez	раз	раз	wyjście/a	tocht(en)	Tour(en)	salida(s)	sortie(s)	uscita/e	trilha(s)
足跡地圖	Footprint map	足あとマップ	발자취 지도	足迹地图	ផែនទីដានជើង	ခြေရာမြေပုံ	Мөрийн газрын зураг	पदचिह्न नक्सा	पदचिह्न मानचित्र	แผนที่รอยเท้า	Bản đồ dấu chân	Peta jejak	Peta jejak	Mapa ng yapak	Ayak izi haritası	Карта слідів	Карта следов	Mapa śladów	Sporenkaart	Spurenkarte	Mapa de huellas	Carte des traces	Mappa delle tracce	Mapa de pegadas
這一階戴不了（身體的樣子放不上去）	Not for this stage (the body shape doesn't fit)	この段階はつけられない（体の形に合わない）	이 단계는 착용 불가 (몸 모양이 안 맞아요)	这一阶戴不了（身体的样子放不上去）	មិនសម្រាប់ដំណាក់កាលនេះ (រាងកាយមិនត្រូវ)	ဤအဆင့်အတွက် မရ (ခန္ဓာပုံစံ မကိုက်)	Энэ шатанд болохгүй (биеийн хэлбэр таарахгүй)	यो चरणमा मिल्दैन (शरीरको आकार मिल्दैन)	इस चरण के लिए नहीं (शरीर का आकार फिट नहीं)	ใส่ไม่ได้ในขั้นนี้ (รูปร่างไม่เข้า)	Không dùng ở giai đoạn này (dáng người không hợp)	Tidak untuk tahap ini (bentuk tubuh tidak cocok)	Bukan untuk tahap ini (bentuk badan tak sesuai)	Hindi para sa yugtong ito (hindi kasya ang hugis)	Bu aşamada olmaz (vücut şekli uymuyor)	Не для цієї стадії (форма тіла не підходить)	Не для этой стадии (форма тела не подходит)	Nie dla tego etapu (kształt ciała nie pasuje)	Niet voor deze fase (lichaamsvorm past niet)	Nicht für diese Stufe (Körperform passt nicht)	No para esta etapa (la forma del cuerpo no encaja)	Pas pour ce stade (la forme du corps ne convient pas)	Non per questo stadio (la forma non va)	Não para esta fase (o formato não encaixa)
這不是有效的備份檔	That's not a valid backup file	有効なバックアップファイルではありません	올바른 백업 파일이 아니에요	这不是有效的备份档	មិនមែនឯកសារបម្រុងទុកត្រឹមត្រូវ	မှန်ကန်တဲ့ backup ဖိုင် မဟုတ်ပါ	Хүчинтэй нөөц файл биш	यो मान्य ब्याकअप फाइल होइन	यह मान्य बैकअप फ़ाइल नहीं है	ไม่ใช่ไฟล์ข้อมูลสำรองที่ถูกต้อง	Không phải tệp sao lưu hợp lệ	Bukan file cadangan yang valid	Bukan fail sandaran yang sah	Hindi ito valid na backup file	Geçerli bir yedek dosyası değil	Це не файл резервної копії	Это не файл резервной копии	To nie jest prawidłowy plik kopii	Geen geldig back-upbestand	Keine gültige Sicherungsdatei	No es un archivo de copia válido	Ce n'est pas une sauvegarde valide	Non è un file di backup valido	Não é um arquivo de backup válido
這不是有效的離線地圖包（.ttmap）	Not a valid map pack (.ttmap)	有効なマップ パック (.ttmap) ではありません	유효한 지도 팩(.ttmap)이 아닙니다.	这不是有效的离线地图包（.ttmap）	មិនមែនជាកញ្ចប់ផែនទីត្រឹមត្រូវ (.ttmap)	မှန်ကန်သောမြေပုံထုပ် (.ttmap) မဟုတ်ပါ။	Газрын зургийн багц буруу байна (.ttmap)	मान्य नक्सा प्याक होइन (.ttmap)	मान्य मानचित्र पैक नहीं (.ttmap)	ไม่ใช่แพ็กแผนที่ที่ถูกต้อง (.ttmap)	Không phải gói bản đồ hợp lệ (.ttmap)	Bukan paket peta yang valid (.ttmap)	Bukan pek peta yang sah (.ttmap)	Hindi wastong map pack (.ttmap)	Geçerli bir harita paketi değil (.ttmap)	Недійсний пакет карт (.ttmap)	Недопустимый пакет карт (.ttmap).	Nieprawidłowy pakiet map (.ttmap)	Geen geldig kaartpakket (.ttmap)	Kein gültiges Kartenpaket (.ttmap)	No es un paquete de mapas válido (.ttmap)	Ce n'est pas un pack de cartes valide (.ttmap)	Pacchetto mappe non valido (.ttmap)	Não é um pacote de mapas válido (.ttmap)
這個 App 在手機上佔用	This app is using	このアプリの使用容量	이 앱 사용 용량	这个 App 在手机上占用	កម្មវិធីនេះប្រើ	ဒီအက်ပ် သုံးထားတာ	Энэ апп эзэлж байна	यो एपले लिएको	यह ऐप उपयोग कर रहा है	แอปนี้ใช้พื้นที่	Ứng dụng đang dùng	Aplikasi ini memakai	Aplikasi ini guna	Gamit ng app na ito	Bu uygulama kullanıyor	Застосунок займає	Приложение занимает	Aplikacja zajmuje	Deze app gebruikt	Diese App belegt	Esta app ocupa	Cette appli occupe	Questa app occupa	Este app ocupa
這個月：一起出門 {a} 次、{b} km、日記 {c} 則	This month: {a} hikes together, {b} km, {c} diary entries	今月：いっしょにお出かけ {a} 回・{b} km・日記 {c} 件	이번 달: 함께 나간 {a}번, {b} km, 일기 {c}개	这个月：一起出门 {a} 次、{b} km、日记 {c} 则	ខែនេះ៖ ចេញដំណើររួមគ្នា {a} ដង {b} km កំណត់ហេតុ {c}	ဒီလ: အတူထွက် {a} ကြိမ်, {b} km, နေ့စဉ်မှတ်တမ်း {c} ခု	Энэ сард: хамт {a} удаа, {b} км, тэмдэглэл {c}	यो महिना: सँगै {a} पटक, {b} km, डायरी {c}	इस महीने: {a} बार साथ गए, {b} km, {c} डायरी प्रविष्टियाँ	เดือนนี้: ออกไปด้วยกัน {a} ครั้ง {b} km บันทึก {c} รายการ	Tháng này: đi cùng {a} lần, {b} km, {c} trang nhật ký	Bulan ini: {a} kali jalan bersama, {b} km, {c} catatan harian	Bulan ini: {a} kali keluar bersama, {b} km, {c} catatan	Ngayong buwan: {a} lakad na magkasama, {b} km, {c} talaarawan	Bu ay: {a} birlikte yürüyüş, {b} km, {c} günlük kaydı	Цього місяця: {a} прогулянок разом, {b} км, {c} записів	В этом месяце: {a} прогулок вместе, {b} км, {c} записей	W tym miesiącu: {a} wyjść razem, {b} km, {c} wpisów	Deze maand: {a} keer samen op pad, {b} km, {c} dagboekregels	Diesen Monat: {a} gemeinsame Touren, {b} km, {c} Tagebucheinträge	Este mes: {a} salidas juntos, {b} km, {c} entradas del diario	Ce mois-ci : {a} sorties ensemble, {b} km, {c} pages de journal	Questo mese: {a} uscite insieme, {b} km, {c} pagine di diario	Este mês: {a} saídas juntos, {b} km, {c} registros no diário
這台手機上的資料是另一個帳號的。繼續的話，會用這份資料蓋掉你現在登入帳號的雲端備份。	The data on this phone belongs to another account. Continuing will overwrite the cloud backup of the account you're signed in to.	この端末のデータは別のアカウントのものです。続けると、ログイン中のアカウントのクラウドバックアップが上書きされます。	이 휴대폰의 데이터는 다른 계정 것이에요. 계속하면 지금 로그인한 계정의 클라우드 백업을 덮어써요.	这台手机上的资料是另一个帐号的。继续的话，会用这份资料盖掉你现在登录帐号的云端备份。	ទិន្នន័យលើទូរស័ព្ទនេះជារបស់គណនីផ្សេង។ បើបន្ត វានឹងសរសេរជាន់លើការបម្រុងទុកពពករបស់គណនីដែលកំពុងចូល។	ဒီဖုန်းထဲက ဒေတာက တခြားအကောင့်ပါ။ ဆက်လုပ်ရင် ဝင်ထားတဲ့အကောင့်ရဲ့ cloud backup ကို ထပ်ရေးပါမည်။	Энэ утасны өгөгдөл өөр бүртгэлийнх. Үргэлжлүүлбэл одоогийн бүртгэлийн үүлэн нөөцийг дарж бичнэ.	यो फोनको डाटा अर्को खाताको हो। जारी राखे लगइन खाताको क्लाउड ब्याकअप मेटिन्छ।	इस फ़ोन का डेटा दूसरे खाते का है। जारी रखने पर आपके लॉगिन खाते का क्लाउड बैकअप बदल जाएगा।	ข้อมูลในเครื่องนี้เป็นของอีกบัญชีหนึ่ง ถ้าทำต่อจะเขียนทับข้อมูลสำรองบนคลาวด์ของบัญชีที่ล็อกอินอยู่	Dữ liệu trên máy này thuộc tài khoản khác. Tiếp tục sẽ ghi đè bản sao lưu đám mây của tài khoản đang đăng nhập.	Data di ponsel ini milik akun lain. Jika lanjut, cadangan cloud akun yang sedang masuk akan tertimpa.	Data dalam telefon ini milik akaun lain. Jika teruskan, sandaran awan akaun yang sedang log masuk akan ditimpa.	Ang data sa phone na ito ay sa ibang account. Kapag itinuloy, mapapalitan ang cloud backup ng account na naka-sign in.	Bu telefondaki veriler başka bir hesaba ait. Devam edersen giriş yaptığın hesabın bulut yedeğinin üzerine yazılır.	Дані на цьому телефоні належать іншому акаунту. Якщо продовжити, хмарну копію поточного акаунту буде перезаписано.	Данные на этом телефоне принадлежат другому аккаунту. Если продолжить, облачная копия текущего аккаунта будет перезаписана.	Dane na tym telefonie należą do innego konta. Kontynuacja nadpisze kopię w chmurze konta, na które jesteś zalogowany.	De gegevens op deze telefoon zijn van een ander account. Doorgaan overschrijft de cloudback-up van het account waarmee je bent ingelogd.	Die Daten auf diesem Handy gehören zu einem anderen Konto. Fortfahren überschreibt die Cloud-Sicherung deines aktuellen Kontos.	Los datos de este teléfono son de otra cuenta. Si sigues, sobrescribirán la copia en la nube de la cuenta con la que entraste.	Les données de ce téléphone appartiennent à un autre compte. Continuer écrasera la sauvegarde cloud du compte connecté.	I dati su questo telefono sono di un altro account. Continuando sovrascriverai il backup cloud dell'account con cui sei entrato.	Os dados deste celular são de outra conta. Continuar vai sobrescrever o backup na nuvem da conta conectada.
這趟已經備份到雲端	Auto-backed up to cloud	クラウドに自動バックアップ	클라우드에 자동 백업됨	已自动备份到云端	បម្រុងទុកដោយស្វ័យប្រវត្តិទៅពពក	cloud သို့ အလိုအလျောက် အရန်ကူးထားသည်။	Cloud руу автоматаар нөөцлөнө	क्लाउडमा स्वत: ब्याकअप	क्लाउड पर स्वतः बैकअप	สำรองข้อมูลอัตโนมัติไปยังคลาวด์	Tự động sao lưu lên đám mây	Dicadangkan otomatis ke cloud	Disandarkan secara automatik ke awan	Awtomatikong na-back up sa cloud	Buluta otomatik olarak yedeklendi	Автоматичне резервне копіювання в хмару	Автоматическое резервное копирование в облако	Automatyczna kopia zapasowa w chmurze	Er wordt automatisch een back-up gemaakt naar de cloud	Automatisch in der Cloud gesichert	Copia automática hecha	Sauvegarde automatique sur le cloud	Backup automatico sul cloud	Backup automático na nuvem
連續健行	Hiking streak	連続ハイク	연속 산행	连续健行	ដើរជាប់គ្នា	ဆက်တိုက် တောင်တက်	Дараалсан аялал	लगातार हाइक	लगातार हाइक	เดินต่อเนื่อง	Chuỗi ngày đi bộ	Beruntun mendaki	Mendaki berturut	Sunod-sunod na hike	Yürüyüş serisi	Серія походів	Серия походов	Seria wędrówek	Wandelreeks	Wanderserie	Racha de caminatas	Série de rando	Serie di escursioni	Sequência de trilhas
連續天數	Day streak	連続日数	연속 일수	连续天数	ថ្ងៃជាប់គ្នា	ဆက်တိုက်ရက်	Дараалсан хоног	लगातार दिन	लगातार दिन	วันต่อเนื่อง	Ngày liên tiếp	Hari beruntun	Hari berturut	Araw na sunod	Gün serisi	Днів поспіль	Дней подряд	Dni z rzędu	Dagen op rij	Tage-Serie	Racha días	Jours d'affilée	Giorni di fila	Dias seguidos
週	weeks	週	주	周	សប្តាហ៍	ပတ်	долоо хоног	हप्ता	सप्ताह	สัปดาห์	tuần	minggu	minggu	linggo	hafta	тижнів	недель	tygodni	weken	Wochen	semanas	semaines	settimane	semanas
週週有走	Weekly streak	毎週歩いた	매주 걸음	周周有走	រៀងរាល់សប្តាហ៍	အပတ်တိုင်း	Долоо хоног бүр	हरेक हप्ता	हर हफ़्ते	ทุกสัปดาห์	Tuần nào cũng đi	Tiap minggu	Setiap minggu	Bawat linggo	Her hafta	Щотижня	Каждую неделю	Co tydzień	Elke week	Jede Woche unterwegs	Cada semana	Chaque semaine	Ogni settimana	Toda semana
進化了！	Evolved!	進化した！	진화했어요!	进化了！	បានវិវត្ត!	ဆင့်ကဲပြောင်းပြီ!	Хувьслаа!	विकसित भयो!	विकसित हुआ!	วิวัฒนาการแล้ว!	Đã tiến hoá!	Berevolusi!	Berevolusi!	Nag-evolve!	Evrimleşti!	Еволюція!	Эволюция!	Ewolucja!	Geëvolueerd!	Weiterentwickelt!	¡Evolucionó!	Il a évolué !	Si è evoluto!	Evoluiu!
進化成	Evolved into	進化した：	진화했어요:	进化成	បានវិវត្តទៅជា	ဆင့်ကဲပြောင်းလဲခဲ့သည်:	Хувьсан болсон:	विकसित भयो:	विकसित होकर बना	วิวัฒนาการเป็น	Đã tiến hóa thành	Berevolusi menjadi	Berevolusi menjadi	Nag-evolve bilang	Evrimleşti:	Еволюціонував у	Эволюционировал в	Wyewoluował w	Geëvolueerd tot	Entwickelt zu	Evolucionó a	A évolué en	Si è evoluto in	Evoluiu para
還原失敗	Restore failed	復元に失敗しました	복원 실패	还原失败	ការស្តារឡើងវិញបានបរាជ័យ	ပြန်လည်ရယူခြင်း မအောင်မြင်ပါ။	Сэргээх амжилтгүй боллоо	पुनर्स्थापना असफल भयो	पुनर्स्थापना विफल	การคืนค่าล้มเหลว	Khôi phục không thành công	Pemulihan gagal	Pemulihan gagal	Nabigo ang pag-restore	Geri yükleme başarısız oldu	Не вдалося відновити	Восстановление не удалось	Przywracanie nie powiodło się	Herstellen mislukt	Wiederherstellung fehlgeschlagen	Restauración fallida	La restauration a échoué	Ripristino non riuscito	Falha na restauração
還差	Need	あと	부족	还差	ខ្វះ	လိုသေး	Дутуу	बाँकी	और चाहिए	ขาดอีก	Còn thiếu	Kurang	Kurang	Kulang pa	Eksik	Бракує	Не хватает	Brakuje	Nog	Noch	Faltan	Encore	Mancano	Faltam
還沒下載任何離線地圖	No offline maps yet	オフライン地図はまだありません	아직 오프라인 지도가 없어요	还没下载任何离线地图	មិនទាន់មានផែនទីក្រៅបណ្តាញ	အော့ဖ်လိုင်းမြေပုံ မရှိသေး	Офлайн газрын зураг алга	अफलाइन नक्सा छैन	अभी कोई ऑफ़लाइन मैप नहीं	ยังไม่มีแผนที่ออฟไลน์	Chưa có bản đồ ngoại tuyến	Belum ada peta offline	Belum ada peta luar talian	Wala pang offline map	Henüz çevrimdışı harita yok	Офлайн-карт поки немає	Офлайн-карт пока нет	Brak map offline	Nog geen offline kaarten	Noch keine Offline-Karten	Aún no hay mapas sin conexión	Aucune carte hors ligne	Nessuna mappa offline	Nenhum mapa offline
還沒帶回來	Not found yet	まだ	아직 없음	还没带回来	មិនទាន់មាន	မရသေး	Хараахан алга	अझै छैन	अभी नहीं मिला	ยังไม่มี	Chưa có	Belum ditemukan	Belum lagi	Wala pa	Henüz yok	Поки немає	Пока нет	Jeszcze nie	Nog niet	Noch nicht gefunden	Aún no	Pas encore	Non ancora	Ainda não
還沒有紀錄	Nothing yet	まだないよ	아직 없어요	还没有记录	មិនទាន់មាន	မရှိသေးပါ	Одоогоор алга	अहिले केही छैन	अभी कुछ नहीं	ยังไม่มี	Chưa có gì	Belum ada	Belum ada	Wala pa	Henüz yok	Поки нічого	Пока ничего	Jeszcze nic	Nog niets	Noch nichts	Aún nada	Rien pour l'instant	Ancora niente	Ainda nada
還沒有走過的路	No trails walked yet	まだ歩いた道はありません	아직 걸은 길이 없어요	还没有走过的路	មិនទាន់ដើរផ្លូវណា	လျှောက်ခဲ့တဲ့လမ်း မရှိသေး	Одоохондоо алхсан зам алга	अहिलेसम्म हिँडेको बाटो छैन	अभी कोई रास्ता नहीं चला	ยังไม่เคยเดินเส้นไหน	Chưa đi cung nào	Belum ada jalur dilalui	Belum ada laluan	Wala pang nalakaran	Henüz yürünen yol yok	Ще жодної стежки	Пока ни одного маршрута	Jeszcze żadnych szlaków	Nog geen paden gelopen	Noch keine Wege gegangen	Aún no hay senderos	Aucun sentier parcouru	Ancora nessun sentiero	Nenhuma trilha ainda
還沒見過牠。多走幾趟就碰得到	Keep hiking to unlock its look and story…	ハイキングを続けて、その外観とストーリーを解き明かしましょう…	계속 하이킹을 하면서 그 모습과 이야기를 풀어보세요…	继续健行，解锁它的样貌与故事…	បន្តការឡើងភ្នំដើម្បីដោះសោរូបរាង និងរឿងរ៉ាវរបស់វា...	၎င်း၏အသွင်အပြင်နှင့် ဇာတ်လမ်းကို ဖွင့်ရန် တောင်တက်ခရီးဆက်ပါ...	Түүний дүр төрх, түүхийг нээхийн тулд явган аялалаа үргэлжлүүлээрэй…	यसको लुक र कथा अनलक गर्न पैदल यात्रा जारी राख्नुहोस्...	इसके स्वरूप और कहानी को जानने के लिए पदयात्रा करते रहें...	เดินป่าต่อไปเพื่อปลดล็อกรูปลักษณ์และเรื่องราวของมัน...	Tiếp tục đi bộ đường dài để mở khóa giao diện và câu chuyện của nó…	Teruslah mendaki untuk membuka tampilan dan ceritanya…	Teruskan mendaki untuk membuka kunci rupa dan ceritanya…	Patuloy na mag-hiking para i-unlock ang hitsura at kwento nito...	Görünümünü ve hikayesini ortaya çıkarmak için yürüyüşe devam edin…	Продовжуйте подорожувати, щоб розкрити його вигляд та історію…	Продолжайте поход, чтобы узнать его внешний вид и историю…	Kontynuuj wędrówki, aby odblokować jego wygląd i historię…	Blijf wandelen om het uiterlijk en het verhaal te ontdekken...	Wandern Sie weiter, um sein Aussehen und seine Geschichte zu entdecken …	Sigue caminando para descubrir su apariencia e historia...	Continuez votre randonnée pour découvrir son apparence et son histoire…	Continua a camminare per scoprirne l'aspetto e la storia...	Continue caminhando para descobrir sua aparência e história…
還記得{t}嗎？那天走了 {km} km	Remember {t}? We walked {km} km that day	{t}、おぼえてる？あの日は {km} km 歩いたね	{t} 기억나? 그날 {km} km 걸었지	还记得{t}吗？那天走了 {km} km	ចាំ {t} ទេ? ថ្ងៃនោះយើងដើរ {km} km	{t} ကိုမှတ်မိလား? အဲ့ဒီနေ့ {km} km လမ်းလျှောက်ခဲ့တယ်	{t}-г санаж байна уу? Тэр өдөр {km} км алхсан	{t} सम्झना छ? त्यो दिन {km} km हिँड्यौँ	{t} याद है? उस दिन हम {km} km चले थे	จำ {t} ได้ไหม วันนั้นเดินไป {km} km	Còn nhớ {t} không? Hôm đó mình đi {km} km	Ingat {t}? Hari itu kita jalan {km} km	Ingat {t}? Hari itu kita jalan {km} km	Naaalala mo ang {t}? Naglakad tayo ng {km} km noon	{t} hatırlıyor musun? O gün {km} km yürüdük	Пам'ятаєш {t}? Того дня ми пройшли {km} км	Помнишь {t}? Тогда мы прошли {km} км	Pamiętasz {t}? Przeszliśmy wtedy {km} km	Weet je {t} nog? Die dag liepen we {km} km	Weißt du noch, {t}? Da sind wir {km} km gelaufen	¿Te acuerdas de {t}? Ese día caminamos {km} km	Tu te souviens de {t} ? On avait marché {km} km	Ti ricordi di {t}? Quel giorno abbiamo fatto {km} km	Lembra de {t}? Naquele dia andamos {km} km
配件	Accessory	アクセサリー	액세서리	配件	គ្រឿងតុបតែង	အဆင်တန်ဆာ	Чимэглэл	सहायक सामग्री	सहायक सामान	เครื่องประดับ	Phụ kiện	Aksesori	Aksesori	Aksesorya	Aksesuar	Аксесуар	Аксессуар	Dodatek	Accessoire	Accessoire	Accesorio	Accessoire	Accessorio	Acessório
配色	Colors	カラー	색상	配色	ពណ៌	အရောင်	Өнгө	रङ	रंग	สี	Màu sắc	Warna	Warna	Kulay	Renkler	Забарвлення	Окрас	Kolory	Kleuren	Farben	Colores	Couleurs	Colori	Cores
關閉	Close	閉じる	닫기	关闭	បិទ	ပိတ်	Хаах	बन्द	बंद करें	ปิด	Đóng	Tutup	Tutup	Isara	Kapat	Закрити	Закрыть	Zamknij	Sluiten	Schließen	Cerrar	Fermer	Chiudi	Fechar
離島	Islands	離島	섬	离岛	កោះ	ကျွန်း	Арлууд	टापु	द्वीप	เกาะ	Đảo	Pulau	Pulau	Mga isla	Adalar	Острови	Острова	Wyspy	Eilanden	Inseln	Islas	Îles	Isole	Ilhas
雲是我的家，山是我的院子	Clouds are my home, mountains my garden	雲はぼくの家、山はぼくの庭	구름은 내 집, 산은 내 마당	云是我的家，山是我的院子	ពពកជាផ្ទះ ភ្នំជាទីធ្លារបស់ខ្ញុំ	တိမ်က ငါ့အိမ်၊ တောင်က ငါ့ခြံ	Үүл бол гэр, уул бол хашаа минь	बादल मेरो घर, पहाड मेरो आँगन	बादल मेरा घर हैं, पहाड़ मेरा आँगन	เมฆคือบ้าน ภูเขาคือสนามของฉัน	Mây là nhà, núi là sân của mình	Awan rumahku, gunung halamanku	Awan rumah saya, gunung halaman saya	Ulap ang tahanan ko, bundok ang bakuran ko	Bulutlar evim, dağlar bahçem	Хмари — мій дім, гори — мій сад	Облака — мой дом, горы — мой сад	Chmury to mój dom, góry to mój ogród	Wolken zijn mijn huis, bergen mijn tuin	Wolken sind mein Zuhause, Berge mein Garten	Las nubes son mi casa; las montañas, mi jardín	Les nuages sont ma maison, les montagnes mon jardin	Le nuvole sono casa mia, i monti il mio giardino	As nuvens são minha casa, as montanhas meu quintal
雲端上的紀錄同步下來了	Records synced from cloud	クラウドから記録を同期しました	클라우드에서 기록을 동기화했어요	已从云端同步记录	បានធ្វើសមកាលកម្មកំណត់ត្រាពីពពក	မှတ်တမ်းများကို cloud မှ ချိန်ကိုက်ပြီး	Бүртгэлийг үүлнээс синк хийлээ	क्लाउडबाट रेकर्ड सिंक भयो	क्लाउड से रिकॉर्ड सिंक हो गए	ซิงค์บันทึกจากคลาวด์แล้ว	Đã đồng bộ nhật ký từ đám mây	Catatan disinkron dari cloud	Rekod disegerakkan dari awan	Na-sync ang mga record mula sa cloud	Kayıtlar buluttan eşitlendi	Записи синхронізовано з хмари	Записи синхронизированы из облака	Zsynchronizowano zapisy z chmury	Registraties gesynct vanuit de cloud	Aufzeichnungen aus der Cloud synchronisiert	Registros sincronizados desde la nube	Sorties synchronisées depuis le cloud	Attività sincronizzate dal cloud	Registos sincronizados da nuvem
雲端備份	Cloud backup	クラウドバックアップ	클라우드 백업	云备份	ការបម្រុងទុកតាមពពក	တိမ်တိုက်အရန်ကူးခြင်း။	Үүлэн нөөцлөлт	क्लाउड ब्याकअप	मेघ बैकअप	การสำรองข้อมูลบนคลาวด์	Sao lưu đám mây	Cadangan awan	Sandaran awan	Cloud backup	Bulut yedekleme	Хмарне резервне копіювання	Облачное резервное копирование	Kopia zapasowa w chmurze	Cloud-back-up	Cloud-Backup	Copia en la nube	Sauvegarde cloud	Backup sul cloud	Backup na nuvem
雲端還沒有備份，先按「雲端備份」	No cloud backup yet — tap “Cloud backup” first	クラウドにまだバックアップがありません。先に「クラウドバックアップ」を押してください	클라우드 백업이 아직 없어요 — 먼저 ‘클라우드 백업’을 누르세요	云端还没有备份，先按「云端备份」	មិនទាន់មានការបម្រុងទុកពពក — ចុច “បម្រុងទុកពពក” ជាមុនសិន	Cloud backup မရှိသေး — “Cloud backup” ကို အရင်နှိပ်ပါ	Үүлэн нөөц алга — эхлээд “Үүлэн нөөц” дарна уу	अझै क्लाउड ब्याकअप छैन — पहिले “क्लाउड ब्याकअप” थिच्नुहोस्	अभी क्लाउड बैकअप नहीं — पहले “क्लाउड बैकअप” दबाएँ	ยังไม่มีข้อมูลสำรองบนคลาวด์ — กด “สำรองขึ้นคลาวด์” ก่อน	Chưa có bản sao lưu đám mây — bấm “Sao lưu đám mây” trước	Belum ada cadangan cloud — ketuk “Cadangan cloud” dulu	Belum ada sandaran awan — ketik “Sandaran awan” dahulu	Wala pang cloud backup — pindutin muna ang “Cloud backup”	Henüz bulut yedeği yok — önce “Bulut yedeği”ne dokun	Хмарної копії ще немає — спершу натисніть «Хмарна копія»	Облачной копии пока нет — сначала нажмите «Облачная копия»	Brak kopii w chmurze — najpierw dotknij „Kopia w chmurze”	Nog geen cloudback-up — tik eerst op ‘Cloudback-up’	Noch keine Cloud-Sicherung – zuerst „Cloud-Sicherung“ tippen	Aún no hay copia en la nube: toca primero «Copia en la nube»	Pas encore de sauvegarde cloud — touche d'abord « Sauvegarde cloud »	Ancora nessun backup cloud: tocca prima «Backup cloud»	Ainda sem backup na nuvem — toque primeiro em “Backup na nuvem”
需允許「動作與方向」權限	Needs “Motion & Orientation” permission	「モーションと方向」の許可が必要です	'모션 및 방향' 권한이 필요합니다.	需允许「动作与方向」权限	ត្រូវការការអនុញ្ញាត "ចលនា និងទិស"	"ရွေ့လျားမှုနှင့် ဦးတည်ချက်" ခွင့်ပြုချက် လိုအပ်သည်။	"Хөдөлгөөн ба чиг баримжаа"-н зөвшөөрөл шаардлагатай	"गति र अभिमुखीकरण" अनुमति चाहिन्छ	"मोशन एवं ओरिएंटेशन" अनुमति की आवश्यकता है	ต้องได้รับอนุญาต "การเคลื่อนไหวและการวางแนว"	Cần có quyền “Chuyển động & Định hướng”	Membutuhkan izin "Gerakan & Orientasi".	Memerlukan kebenaran "Gerak & Orientasi".	Nangangailangan ng pahintulot sa "Paggalaw at Oryentasyon".	"Hareket ve Yönlendirme" izni gerekiyor	Потрібен дозвіл «Рух і орієнтація».	Требуется разрешение «Движение и ориентация».	Wymaga pozwolenia na „Ruch i orientacja”.	Vereist toestemming voor 'Beweging en oriëntatie'	Benötigt die Berechtigung „Bewegung und Orientierung“.	Necesita permiso de "Movimiento y orientación"	Nécessite l'autorisation « Mouvement et orientation »	Richiede l'autorizzazione "Movimento e orientamento".	Precisa de permissão de “Movimento e Orientação”
領取	Claim	受け取る	받기	领取	ទទួលយក	ရယူပါ	Авах	प्राप्त गर्नुहोस्	प्राप्त करें	รับ	Nhận	Klaim	Tuntut	Kunin	Al	Отримати	Забрать	Odbierz	Ophalen	Einlösen	Reclamar	Récupérer	Riscuoti	Resgatar
顆果實	berries	個のきのみ	개 열매	颗果实	ផ្លែបឺរី	ဘယ်ရီ	жимс	जामुन	बेर	เบอร์รี	quả	buah beri	beri	berry	meyve	ягід	ягод	jagód	bessen	Beeren	bayas	baies	bacche	frutinhas
風一吹我就想飛	Every breeze makes me want to fly	風が吹くと飛びたくなる	바람만 불면 날고 싶어	风一吹我就想飞	ខ្យល់បក់ ខ្ញុំចង់ហោះ	လေတိုက်တိုင်း ပျံချင်တယ်	Салхи үлээх бүрт нисмээр санагдана	हावा चल्नेबित्तिकै उड्न मन लाग्छ	हवा चलते ही उड़ने का मन करता है	ลมพัดทีไรอยากบิน	Gió thổi là mình muốn bay	Setiap angin bertiup aku ingin terbang	Setiap kali angin bertiup saya mahu terbang	Bawat ihip ng hangin, gusto kong lumipad	Her esintide uçmak istiyorum	Подме вітер — і хочеться летіти	Подует ветер — и хочется лететь	Przy każdym wietrze chcę latać	Bij elk briesje wil ik vliegen	Bei jedem Windhauch will ich fliegen	Con cada brisa quiero volar	Chaque brise me donne envie de voler	A ogni brezza voglio volare	Cada brisa me dá vontade de voar
餵食	Feed	餌やり	먹이	喂食	ចម្អិន	အစာကျွေး	Хооллох	खुवाउनु	खिलाएं	ให้อาหาร	Cho ăn	Beri makan	Beri makan	Pakainin	Besle	Годувати	Кормить	Karm	Voeren	Füttern	Alimentar	Nourrir	Nutri	Alimentar
餵食（8 小時一次）	Feeding (once per 8 hours)	ごはん（8 時間に 1 回）	먹이 주기 (8시간에 한 번)	喂食（8 小时一次）	ចិញ្ចឹម (8 ម៉ោងម្ដង)	အစာကျွေး (၈ နာရီတစ်ကြိမ်)	Хооллох (8 цагт нэг)	खुवाउने (८ घण्टामा एक पटक)	खिलाना (हर 8 घंटे में एक बार)	ให้อาหาร (ทุก 8 ชั่วโมง)	Cho ăn (8 giờ một lần)	Memberi makan (8 jam sekali)	Memberi makan (8 jam sekali)	Pagpapakain (tuwing 8 oras)	Besleme (8 saatte bir)	Годування (раз на 8 годин)	Кормление (раз в 8 часов)	Karmienie (raz na 8 godzin)	Voeren (eens per 8 uur)	Füttern (alle 8 Stunden)	Alimentar (cada 8 horas)	Nourrir (toutes les 8 h)	Nutrire (ogni 8 ore)	Alimentar (a cada 8 horas)
（咚咚）裡面好像在回應你	(knock knock) Something inside answered you	（コンコン）中から返事したみたい	(똑똑) 안에서 대답하는 것 같아	（咚咚）里面好像在回应你	(គោះៗ) ហាក់ដូចជាមានអ្វីឆ្លើយពីខាងក្នុង	(ဒေါက်ဒေါက်) အထဲကနေ ပြန်ဖြေသလိုပဲ	(тог тог) Дотроос хариулах шиг боллоо	(ढकढक) भित्रबाट जवाफ आएजस्तो	(ठक ठक) अंदर से कोई जवाब दे रहा है	(ก๊อกๆ) ข้างในเหมือนตอบกลับ	(cốc cốc) Hình như bên trong đáp lại bạn	(tok tok) Ada yang menjawab dari dalam	(tuk tuk) Ada yang menjawab dari dalam	(tok tok) May sumagot mula sa loob	(tık tık) İçeriden bir şey cevap verdi	(тук-тук) Зсередини ніби відповіли	(тук-тук) Изнутри будто ответили	(puk puk) Coś odpowiada ze środka	(klop klop) Er antwoordt iets van binnen	(klopf klopf) Drinnen antwortet etwas	(toc toc) Algo dentro te respondió	(toc toc) Quelque chose te répond à l'intérieur	(toc toc) Qualcosa dentro ti risponde	(toc toc) Algo lá dentro respondeu
